path,bytes,sha256,status
audit3-evidence/3d/__pycache__/fetch_evidence.cpython-314.pyc,19919,0c62962c4ed07eb915f7d0e74798fd4960bcb0767dbcd428e87fdf2789b7f835,in repo
audit3-evidence/3d/fetch-0009946dcb4080f184b0.bin,90547,373117f2140008fce88d4e341d4f4983643510d618ca6972a99ab730985f1b48,in repo
audit3-evidence/3d/fetch-003ee68388371ba67cd1.bin,10424,a78017d1ee3b40ce6c04ce7e4d3658830e25f52156f499992527541eccfaac76,in repo
audit3-evidence/3d/fetch-0139e689dbd631c9ff44.bin,4874661,d40d91ae00d744f6f4d981750c8bd14be1bb217b236afe3b464e77405204b277,"not in repo (size); IRS public file, see path for object id"
audit3-evidence/3d/fetch-01ea6cbfe3cee343a0be.xml,50599,76599f4d93a25fb7da5487929e5dd2c9395ba1dcb330078364011203fe46db36,in repo
audit3-evidence/3d/fetch-04af3aa10867e8d26d56.bin,4240,00c17f10e7358e56b88fad4fef644aea4660336a2320011eddb8d8e17fa0435a,in repo
audit3-evidence/3d/fetch-05267a8bb141d8e68b74.bin,86733,672323bd6e01c5214d935137e3e7932e89e81ac710bbc6cebc8554ce8b042a3f,in repo
audit3-evidence/3d/fetch-05687cd0e36b3586bea5.bin,767,b04aca8fb3c5b4e6bfbde2bee8e896315cc1ce712e00dfaf55497f36975f36ee,in repo
audit3-evidence/3d/fetch-06391e46aff5f011b5dd.htm,3724399,cc29fa6bc132b229fbd309181511c345a885ebdee8a3479bf46c34eeb98773f9,"not in repo (size); IRS public file, see path for object id"
audit3-evidence/3d/fetch-06580259151da04db7b2.bin,72499,42df64580db601c36c4f5298fd9d065bea3a7f7dbc4cafb82ebb2162dc70e2b8,in repo
audit3-evidence/3d/fetch-06888b774bbf7434c26f.bin,1981,6a1f2e2c6e92abd859e549cc6e5977339d624772d1584e96fbe31966c3652f80,in repo
audit3-evidence/3d/fetch-0997f3ac150cde55c93f.bin,105889,b023ebe5970935663a4bf06f782a4bcf96e8bc41f30640ecaf5f175d3534116c,in repo
audit3-evidence/3d/fetch-0b90ddfa2a45bebc231e.bin,2010,45e8defe9bb6f074902ae63b7f5a00aaca78bf373a40162bc49ac8ba4ae57138,in repo
audit3-evidence/3d/fetch-0b935740e2997256deaa.bin,770,196fe17e1f63672fc207a287f89aa88dcd55a9ab781b8e3955a84cbb0b609a36,in repo
audit3-evidence/3d/fetch-0bc9204c074b67719faf.bin,9088,a4db1d6f99e805161a6b9f1e18068bdc1f96bdd6b07f84baffdeec2d90be6a47,in repo
audit3-evidence/3d/fetch-0c03628c5f5d2f33baf2.bin,165695,abf8a75e36c05874672d10ec8ed54deed211debc963bd9ddd879e73dbde22c4b,in repo
audit3-evidence/3d/fetch-0ccd170c5ddeb5448275.bin,10538,27580f194842014eb94ba0403048dac3fd02b503e0a0789d50605a5267706edf,in repo
audit3-evidence/3d/fetch-0dfb7194044f070711d4.pdf,6900528,402eeb12ba1b5e071e017be69ac1595b0e53ed7e0cdaab54a8568486ad684e96,"not in repo (size); IRS public file, see path for object id"
audit3-evidence/3d/fetch-0e366d5c1aabbf6025e5.bin,72509,e0512562f398b0a7e27857677701b55fe9b3dcdac91faa27a62de7e9df641e12,in repo
audit3-evidence/3d/fetch-102916deb214b6c96aa6.bin,72504,8d9578e2a850ecd7c07ea311fa3c8aad16ebc0835046abdb173a2ce9cce08116,in repo
audit3-evidence/3d/fetch-103cd65fe7c095e34bdb.xml,115206,19620ce8ff8f6ab02df3067b703082f5608d1d0170738d7e1309bd4cabbf6d94,in repo
audit3-evidence/3d/fetch-10df21f62c81e8dc4302.bin,10457,8229824faf1b9af1a72df83c3276b98c06464858c239ac7302d86f5e5fcbf82a,in repo
audit3-evidence/3d/fetch-124f189542915a01ead0.xml,102709,532d78e8e0749b254f1f67098f374ea3de74d0f2040f067e747c7e44fb5101ea,in repo
audit3-evidence/3d/fetch-151695286b6a030ab6c4.bin,207582,8d75c581866b30ec46d4f82a203d43d4f3b1703a58bcf44d514c816ca90ea6ec,in repo
audit3-evidence/3d/fetch-1633e32c6a25be2a8302.xml,40783,ec94d5323f626a8ff74262bac133c69ee4651f593db9a4f72aabe48b1903b60b,in repo
audit3-evidence/3d/fetch-169e4f0568d68d6017e8.bin,72519,2927cd918f8007b5b4c53f510a81ec0466f0552789c9090206b3ec40a4802aff,in repo
audit3-evidence/3d/fetch-185b7c3fa20461652041.xml,138358,f71263bae41325eccb9569e96a19796c9d0e53dc9682cc7deae992721fb33e2a,in repo
audit3-evidence/3d/fetch-1906867d4aefc25a2866.bin,31129,a58266955d59e993b8ffad8fc393161e272a3f0b69fea70ea98b028a92a8bbe1,in repo
audit3-evidence/3d/fetch-195106b7b61a31d1b900.bin,490899,9d956594f7d2c66fea1f472ffa7089fe2c93b6708abbf2bc8cf6aec8dba76455,in repo
audit3-evidence/3d/fetch-1aa34c1812718c5c21b2.bin,72501,1b8624ba7b94760b3849862f97a27e8890e12e9b8ba5152544dca9a41f07f022,in repo
audit3-evidence/3d/fetch-1f45673432411664e504.bin,24098,08c913bcbb60d3ea7dadbe7c8dbbdb7b5f8a05c2fee63e4f665358535c4c7129,in repo
audit3-evidence/3d/fetch-2304cec06aabd60c0d6d.bin,611440,7b497358d32dd849ccc95d02e33ed4a482d330386f4468543aa49753209da061,in repo
audit3-evidence/3d/fetch-236a7353ef1891f00278.bin,72532,ce0dfde3310d580f7638ff63bce85d0dc565c07b3c7739c261de1b6756393312,in repo
audit3-evidence/3d/fetch-240307ca24a5dd866409.xml,1722985,6334207248c36822be7d27ab9e5e37f3ed9459939ccf4faa54e9d03a4114497b,in repo
audit3-evidence/3d/fetch-244ccf9e43e90961179c.bin,90523,c8951c7bd6a05dda0eb4d9d997e612f899adb468a3cb6ba45ee80b7d2841eab3,in repo
audit3-evidence/3d/fetch-247cca0a961c8b29aceb.html,16571,538daa0a1aacdb013ac238a9ac2ac40bb5bfcfd67040686c197e86b5690a0039,in repo
audit3-evidence/3d/fetch-253bec8974d340ce2589.bin,30227,15addd13c96c97119628dc6598df14ac93821fd0190aeee982f2bcea79f0dfce,in repo
audit3-evidence/3d/fetch-255deb79187c42eb250e.xml,21904,06175a79b3e0cd037496a9b14845684a0574771cf059d002542e36ef0033fe7b,in repo
audit3-evidence/3d/fetch-263c45d580547508ab08.bin,10469,538b168ca95394a7ba2749a51f5367db670bef57e05070e6179eb483e751f0c5,in repo
audit3-evidence/3d/fetch-279795ed7f2e48ad650d.bin,51958,32dc4380846bdc2041c862bcc7e517fe272822df2855aee77e8c0d77fcfd9ed1,in repo
audit3-evidence/3d/fetch-2869273e2d01cccce129.pdf,521159,dd635cf6e5f39f0e1f646f08c36549090d77156ed89cbd3d733ed496648cae9c,in repo
audit3-evidence/3d/fetch-28c59fac4933688bc1f2.xml,246964,f810e27a4c055ca2cf9faffcebfdad1ace5588984d24d77407d4a9e0dffcfcee,in repo
audit3-evidence/3d/fetch-29a698f621d63540968a.bin,72522,7c438733215b155b88d9e8ec9399aa716db912c1c0e1d937f80b83718ab379f3,in repo
audit3-evidence/3d/fetch-29def4ac5a20fb454295.bin,10553,29b734334cc93af88c2dd2dc9d923c4bd6c057f84fdbd69c5ee1c651dc00a492,in repo
audit3-evidence/3d/fetch-2a4678a435bf3ea46d3b.bin,32079,f0d9a466fc6f0b1eb4a73987834353b76e0d41883be57116091e530baf4e37f6,in repo
audit3-evidence/3d/fetch-2c86f1ce7218dc6b8d74.bin,11405,3b757121dd5616e43891c6a2c5896d305645bf9cf24020e0d8f0059866fec482,in repo
audit3-evidence/3d/fetch-2d1268959e707fdf444c.bin,10433,d4d3bada0c7180986ffe8a3d4cd86e0197274968eb4fc17f2718dc6ca1c13b68,in repo
audit3-evidence/3d/fetch-2eb5b4405408c30a0877.pdf,5395987,460f23e7e1c9dd6359b5eec7e57c80e547e000c9064d3492547ebffdaf4e2cb4,"not in repo (size); IRS public file, see path for object id"
audit3-evidence/3d/fetch-2f0169c9f1bacb07c192.bin,242,e7943ea302a430e3ef1f990ab09ebccf43dc9f0e59cc6682deec005cc2c14ebf,in repo
audit3-evidence/3d/fetch-2fdecbb63a137491e6b2.bin,595209,3583b006e33ee260024bbb81a8838f70e0b5a1fac1610c2707311e27569c2dd7,in repo
audit3-evidence/3d/fetch-3285798370ed823ce5ac.html,556136,66e35497bf82fdc5e9336b3dc989741a28e837bb323bc366bf0b7bb498bf338a,in repo
audit3-evidence/3d/fetch-32bbe4a8931b65e95c8f.bin,13856,5ec3883bcb480211f27590d9274c0df25e299cb25878870bcf491bf49f5e0d28,in repo
audit3-evidence/3d/fetch-33c0ed2ea6875a3ba76e.bin,72526,c26eb0ecb64f2cfb451115585d372667008cb7349c992d8bd12fc7b89c284be3,in repo
audit3-evidence/3d/fetch-34087c9cab80336a32ea.bin,10478,c84925f544cb0cda14cd91eb125e3548bc6d102c10eda9467cc29025356d8139,in repo
audit3-evidence/3d/fetch-34dc73135066bef44302.bin,72506,de88c844688a26e4a8b8287af8ea7a0f7e0ea4e812b418bbfb411e3c8ce09bd6,in repo
audit3-evidence/3d/fetch-35d1fbae56a8b7c92a1c.bin,22063,855d0116195aa23baece3d281f056d4c4fcc01c1f4df9fd58b667367cc2f8390,in repo
audit3-evidence/3d/fetch-378278a2270eaa5d3ed0.bin,119737,76538dbc8315256538bf6403e1c5e6c561dbef2f9a896392e5f080cbdfe74089,in repo
audit3-evidence/3d/fetch-3ad5da4ee165a5246857.bin,638059,d44cab48f8ca9e15581e6d87d67a8e21c2b0839fb5f6d9db3a3d6ec15a5be1b0,in repo
audit3-evidence/3d/fetch-3b6d4c8ac91258c8af03.bin,72496,118138b37f0dbf491b5f968fb61e33b418f21481193d1328259be6fd96a08c8f,in repo
audit3-evidence/3d/fetch-3c4e511ea0b0befbf53a.bin,72492,e8627ae3bf1be42b22ee71cc5fc4810b35bcc43c5c9b836b72357b8f9c619301,in repo
audit3-evidence/3d/fetch-3f0c11cac2ccbab9f3a5.html,774,99c9857825a5e53e70bd3de4e5ebd373de389244e913b396fe62a4699cae4d7a,in repo
audit3-evidence/3d/fetch-3f9215890b26a28930cf.bin,370801,3a2b8030a46c7fa459b4c4fc2a5aacdea95da4d43cf3f4c3f7fe5cc604e6e76f,in repo
audit3-evidence/3d/fetch-3fa74ce7ef3bc8fc621b.bin,72603,9a5269604c084d05c56aaa9a1e1ba14ae83ae1ca48a9dd1698b014c2564c0649,in repo
audit3-evidence/3d/fetch-3fe510f420913cf720a1.bin,72505,5122252226c0007d1815b11cfc919f443b52ed77356e34226f036481f087af96,in repo
audit3-evidence/3d/fetch-40841b6a423e55e1dae2.bin,1943702,792ca6b5ee5967520e069b42aa3801149fe8dcffdcfe90b7fe8bca1904a8cd49,in repo
audit3-evidence/3d/fetch-40f35e411927cc1b764a.html,15551,be2cf73ae105d19faa01646272531e266f851bb2b9db61298bb4330727d0f9af,in repo
audit3-evidence/3d/fetch-415f8f1af13b2f4b5659.bin,504401,549f22ecd8693154ed413ebf380858e18b3938d4706ef5bdef9ee92643b44795,in repo
audit3-evidence/3d/fetch-418ef12a04ce3836bcff.bin,72507,f93672d8a17e4831122af301ec3e961fd858bc66e3214533ddfee8f62a4750d1,in repo
audit3-evidence/3d/fetch-41f902907757f9354acd.bin,227465,3d16266d1ccce029aa9a99bea52560e950d35d26f74f3444715b295d9a4d7cb6,in repo
audit3-evidence/3d/fetch-4275574d7a66a6cc92a4.bin,12623,0b43472cdab97ba99af3dd2eeded6772b8687f3664a9dbfa6e5414659da32b40,in repo
audit3-evidence/3d/fetch-42c1fc3683d39f2af7c4.bin,77063,4849c90164632e99c61a4b65bf1b33e503b344c9e44c31034aeecd3b4ae81b11,in repo
audit3-evidence/3d/fetch-42ec90464e6c4ddcefb5.bin,10424,ac5c9a205222613ac51a776d7479a17506e33804eff8b0a3007c0ca9f301f4d8,in repo
audit3-evidence/3d/fetch-4362b6bc45ad3c7808a4.bin,6600,f48f58cb26ed8e4d7c13efa334a31b73dfc6b27afdab80e6d46342b5c5de4a5e,in repo
audit3-evidence/3d/fetch-43b849421ca740eb1610.bin,242,57c8cec041e41e438bc143c50b7d000c212491c578d775cda372f0be323c141e,in repo
audit3-evidence/3d/fetch-45c494d4ec9fdb52e8fd.bin,10484,087de7e026228f064a9570817c21406bbe47794fa3e9e373b2f10233652e12eb,in repo
audit3-evidence/3d/fetch-472a8cc911e1d87fac52.bin,242,f0cd86c10f91ed502d8e3b9a3d73f1fc3ce3388fdcb2b9acbb876b60d262eb52,in repo
audit3-evidence/3d/fetch-4a11a241d5a7fe685d97.pdf,5273914,4ac630da8e2b3e0aa2b7106974265d8ef744b91e19573f873fe319f3fc73acb1,"not in repo (size); IRS public file, see path for object id"
audit3-evidence/3d/fetch-4b1d48c63b2c7ae59407.bin,72527,592abfde3896b08d2d973f11c61644240bca0d8517ca463403f058bf7629c62f,in repo
audit3-evidence/3d/fetch-4bbb22a8381bb12dec87.xml,1722961,644231e496f1600885fb6fce6376b48d32883200ab1a0e2f812be0da39709300,in repo
audit3-evidence/3d/fetch-4e9bd73e741445f66b23.bin,46028,900a0e39001e053cbe6750ec3967d4d5d29e0820022cd0236a26cbcc56069ecd,in repo
audit3-evidence/3d/fetch-4eb9aaa6af3629cc1080.bin,72509,73dc8cb2c4861eac38c48346812a3882744a61b9223b1545be2ec19971309468,in repo
audit3-evidence/3d/fetch-4f1ac28cbfc97b27d55d.htm,1130151,d087a8689ae60fde92923b0070aa373b9aefdcea50299ddfa79cfb00af47723c,in repo
audit3-evidence/3d/fetch-50fda0eed5948af7d826.bin,72522,55eaccc23a7ea279b092154543db2178da750a806246cb9b9c885e01e44fd972,in repo
audit3-evidence/3d/fetch-5176a14094a1fe67603d.csv,112669,57ebf17c5a48ad24184942b81d39685aa34df9ae2b37b39aa39d7cc149f48b8e,in repo
audit3-evidence/3d/fetch-53fd1332f614579b7b52.bin,101849,36ec98d20d8a97c6142f743ede0df1e3b401028bf35747c1f6712a135ae75439,in repo
audit3-evidence/3d/fetch-5455a7e082b101b1c5f9.bin,10330,bb26e5242b1c65d9a57b428eacadb33d08d0580f7e5a9e995cf34003ebcd9fec,in repo
audit3-evidence/3d/fetch-5549905f1ef861d21a4d.xml,26815,cc573699866725efdbdf5ee41882d58e3e8ac84b6bff218a7b4cc2f630f38e6f,in repo
audit3-evidence/3d/fetch-571b13dca40f3e74fbb7.xml,37518,275d1f96f4e16fdee19125225adca8c7d09af4e115582f240797b89b1c4dc6b9,in repo
audit3-evidence/3d/fetch-5796a0d842ec6293208f.bin,894590,8d7b715b0801893898e4455b11830335950fdb9ee3a7599b14ea9a5b732bdcb9,in repo
audit3-evidence/3d/fetch-584f8843b33988eb0b70.bin,5831,e25f3b821521c590278c460a7e429f61846aeadbfad75067a60970690e605a9a,in repo
audit3-evidence/3d/fetch-5855f601445171d5f61f.xml,126535,91c4a60523ac38af081f638fddee13f65f4e9d73fc0b91e317881fcb3dadd546,in repo
audit3-evidence/3d/fetch-5ad12cc29e580194bba1.xml,42814,28108b4f941758979ce5ceab4737d83025a5dfad5edb1b0b21e952058c016d3b,in repo
audit3-evidence/3d/fetch-5c515644d2f3aff38199.xml,370376,08fa34bf326f2d57045ad2af956a077ea867e8a13ede5969df478ae1230020e3,in repo
audit3-evidence/3d/fetch-5cc9fa71b35f325644b1.bin,153109,6fa6abbc4373e4aafacf3b3728d175d344257b838bec57c5e47d25f0acc379f6,in repo
audit3-evidence/3d/fetch-5d6fd761fce79914f31a.bin,72499,0357e60c678c4fd8c2598b626d55a7de5d5fe1cae09dabf64775a8679314c038,in repo
audit3-evidence/3d/fetch-5eb2e3810595a7170bd1.bin,72489,647f78c97ddc3bc5b27549bccece37ed00304f2b7b8a0ec31565c249856ef6fd,in repo
audit3-evidence/3d/fetch-6045aa4fb3ab2fdb3504.bin,233029,9ef7a9db68188c843f2ade8bac8477413281335a891c701ee737b61cac71bb9c,in repo
audit3-evidence/3d/fetch-60b20310e2ab14ac797a.bin,191258,b093c6833988ee9e43730f30716f6ff6e7b1283666af1fbbfbf0255952939a3c,in repo
audit3-evidence/3d/fetch-6154e1b842f88349e7dc.bin,10535,8c3d4c892dfb15054711076fec5f4c2af160d674be62b3459d874356f22b4e11,in repo
audit3-evidence/3d/fetch-61a96d2fe058280c5042.bin,242,e0cb00b622abc9d25947bcad43e07a058883de531f907776456c60208c4df884,in repo
audit3-evidence/3d/fetch-626be1d047a83d4aa740.bin,10427,82c7cda7461762369c660d081a7c9a74e9db0b103aff6b2a5ac5b3b0e2801411,in repo
audit3-evidence/3d/fetch-62756346ad8bb1871c43.bin,72497,2261c750c429e9ee23837c880f6683dbe8e832d1b6ce612158d4019653bf856d,in repo
audit3-evidence/3d/fetch-62cbef2f42877b54dc1b.bin,10463,a2d3689726f59de2324ff97b16cfa81a0b927fe3d59a56ffe2a241fdaa6afd12,in repo
audit3-evidence/3d/fetch-66795c69d739c86bfc0a.xml,139977,f6b70456ccb8421aa6f89a5d6ac3512a7f0f6dd7369b18f188480a193e1e32ef,in repo
audit3-evidence/3d/fetch-6728b81b3b0f5f12f193.bin,10448,33b64cdbb2bb009e2acbb39c5516741a31f4db6e90c5e115db8db7b0012030f9,in repo
audit3-evidence/3d/fetch-6866fdaa72724886181c.bin,10454,2a91bac18a9646cf7113e93e05860a78256e5b3a01a8ff626b4711c8769925fd,in repo
audit3-evidence/3d/fetch-6964026c1254c1bb0ddc.xml,1379163,bcddaac31f7b59ad52d594abba0e6df7ad4121116e9551180b4368e535d20361,in repo
audit3-evidence/3d/fetch-6bc74edd147a374bc84d.bin,86287,ac7b3e3081b2419bbe6407a8f192219beb62e62ce3e1a8a2178a98f8badd44d3,in repo
audit3-evidence/3d/fetch-6c2a0a7fb86c932a9799.bin,10496,6642ec78b2fff3679354b62292a5e82719e9ea0c27bf930a0c764e4955352c94,in repo
audit3-evidence/3d/fetch-6e6085651650758906e2.pdf,195540,01ccdb12a6eb127d5f1bc84d6e4ae24176908f695022d4d5726ac337b36cbc6c,in repo
audit3-evidence/3d/fetch-6f4c575718bfc474e28c.bin,242,f0cd86c10f91ed502d8e3b9a3d73f1fc3ce3388fdcb2b9acbb876b60d262eb52,in repo
audit3-evidence/3d/fetch-7099a20e3d4bf2e3cb6f.bin,867433,ec1da01649d7ea38d625530eac9d37c8094ac5ab79cdcf7ca0897dcdc66710cc,in repo
audit3-evidence/3d/fetch-716a8e9b12ad9e0188ac.bin,38254,db82ba6d507b2ff9921af6f9a777db49a55df8e0b90f3fcf572dcef77bd17249,in repo
audit3-evidence/3d/fetch-72340b13bfe7317cf8b5.bin,484835,adc083499ab0a836f302c1732c66b9b657cfb5c3a547bffcdb050283d3e177ab,in repo
audit3-evidence/3d/fetch-72587095b87bf2607c10.bin,72497,22c3e90bd0d02a339ba5bfe0d741665f7e99561cc1a31cf6d7e48dc2aad21203,in repo
audit3-evidence/3d/fetch-7295d7d50b0e6d210552.bin,49637,f4bdad1b94cdf09d427f6f5bdac2cf9f8a37960d1b74f5a271af177e15e1a542,in repo
audit3-evidence/3d/fetch-737099be952fafcae34e.bin,487107,ad932bf25ae6dd51b44633f058698dd01aef48eee01b1123ea76813135e5ac8f,in repo
audit3-evidence/3d/fetch-73b157b0cb387aa1adad.bin,11651,57e430ae0c674f43ba94d84fccc39c80d4b98383a296437dec311b16b6f3f595,in repo
audit3-evidence/3d/fetch-76b5b83df00a562fa3fb.bin,10514,72d254cd5b975eee7d27c62199bea54b0521302ca397aec9fa0fb461d4677662,in repo
audit3-evidence/3d/fetch-77b089bd29bde0ef44f1.bin,115322,76259cf18c9d6f598b13a7481ab265218d5c0af85fc48872474645d09395b30f,in repo
audit3-evidence/3d/fetch-795346821a2f54eb40a1.bin,114315,db8681294182649d1f477cc1de22864f94a6ec23724b2d0dda10da53d7d6ea54,in repo
audit3-evidence/3d/fetch-7aeae5eb4f10a5d93b08.bin,46041,e9e331ffd3f97dc8febfe533d03f81c0be0331518857295b8a4b419637116ba1,in repo
audit3-evidence/3d/fetch-7b501a6a352327796e60.bin,1935,f97b22222979c727f2007a0232f1374d8db1562ec5c53ca4fa010a043040ada4,in repo
audit3-evidence/3d/fetch-7c0dfe5a8d2297d4d171.bin,96635,c86192d0af4f20700bd5a6ae993d89be33f75d872f7e29e758f7c483eefa7d33,in repo
audit3-evidence/3d/fetch-7c2a31e44e48f3a7fa90.bin,72512,02b54b51c81ce12cc7f50edadf1f8dcc6cc7470711808660a3ce8ee7540b5f38,in repo
audit3-evidence/3d/fetch-7cff8902566082082875.bin,41781,0316630e5e183038d7a2842942fdee9548497e27a0887e7943805de1812b4985,in repo
audit3-evidence/3d/fetch-7ebdde2fc37a02097c99.bin,10499,a4dab07b0abe2038ef0931015bacd14d037f88325c6b7b57d99bc1a901986f20,in repo
audit3-evidence/3d/fetch-7eecdb4fc00a0fd1cf4b.bin,72509,aec26df830608d192b90d27c3b36c90c5dde7935081f5c37a04b6c167da826da,in repo
audit3-evidence/3d/fetch-7f350ae33fd10400278b.bin,95319,f042783fcb6dd908e8cfe39fcdd9bfac5ab993016a7afb790c0f6a55e1341270,in repo
audit3-evidence/3d/fetch-7f4cd2e8820f630033f7.html,210802,2101b0496577cd4ee023b4814d945a5771012fba1846914587aaa73d49198aea,in repo
audit3-evidence/3d/fetch-82083f9da63e37029de0.xml,162353,640b845ba68cc1d4724aee2e942b0e245839c00e0eca7eda9cb811a83dab6b00,in repo
audit3-evidence/3d/fetch-8261c1ec4e670d59dc14.xml,585242,ab5fb64b8f55f7bdb9cf9fb9baecfdcb1c99430aad640e2cf41419025c87b4e2,in repo
audit3-evidence/3d/fetch-82853fe7e7a32c275dd6.bin,72494,ca9e6cf95f4b535959420cad1efae6c6d973ed2f5e8c8b32f83f7ffa83aa501f,in repo
audit3-evidence/3d/fetch-82a6d040392a9dd9173c.bin,38454,5bf3843ad75069d66b8913d8fdc47e2bbaef2e51a6ecef1e0d409329ea0bda19,in repo
audit3-evidence/3d/fetch-833a91150a725bd1953d.bin,146543,3901d15a3d57a02a46b69d8ee85989cfabc8e647e99a677d29b636e9840fce4d,in repo
audit3-evidence/3d/fetch-83a73ffe5e230d5feb7e.bin,147803,7726860362132be1b20e09dcb433a624fad11afd4a0afcfcc33c7c9b2d1bbf7d,in repo
audit3-evidence/3d/fetch-8557e0dd43c56c9985db.bin,10550,1493bac5476f3a16ab7ea7ec956845d7d6592327142d2e85f0cca80451d6319d,in repo
audit3-evidence/3d/fetch-86cc605362a5f2472c80.bin,50451,404eeb554f352f9347b1180679e15c870875e95c307362dcb3cc84b1466a2fcd,in repo
audit3-evidence/3d/fetch-873b087aab38a0ca801a.bin,12398,16475411ae20b755741e927e1303a4189d4024a2d3f5b722184be9c3eebb0585,in repo
audit3-evidence/3d/fetch-88e5da4a5acecef094b7.bin,72527,5ecd6e0a148a33cc42d51efa9b85fa6d34a41a39f8eda73d2a37527676506d72,in repo
audit3-evidence/3d/fetch-88fe24e0c0ce555ada4b.bin,242,e7943ea302a430e3ef1f990ab09ebccf43dc9f0e59cc6682deec005cc2c14ebf,in repo
audit3-evidence/3d/fetch-8988ba2cf68e62db2c38.bin,245167,46a9cdca94b8a7b39d9e05daf64552133247c093af1e7d09ee681d6e5d891a7e,in repo
audit3-evidence/3d/fetch-8badc6cc6deec1dc0a8f.bin,242,87ddb21b6cffe8b02858d14da326138374d8f486ecea07d1e1d6cd825beb1b1a,in repo
audit3-evidence/3d/fetch-8c91aae94f8fc7ee0b58.bin,10484,cd8208592696ef11186fa034df0c9354bf62d7a098b4de0a3679292a47f65eb7,in repo
audit3-evidence/3d/fetch-8dd6b35746adc1fa9649.bin,72487,fa4e6c9ba5e4a8b081fba925b2b9bf81cc84821c32a77b7be622378b0f999854,in repo
audit3-evidence/3d/fetch-8dd82011f40b93048947.bin,16161,d6e43263c4fc4c801333ad57028382939bc888bba9829c7368b1db66934af7fc,in repo
audit3-evidence/3d/fetch-8e38112b54f32b66b991.bin,429310,e928d0a2ca7d452669043a0a4f38e49e9b2f37bd7493a1f9bb05e7ffabcbce35,in repo
audit3-evidence/3d/fetch-8e64e65524d695d1e901.bin,91744,c3a571c5500009b2406cef6777d8e829f5beba770aa01665b8ca55189c3a7f21,in repo
audit3-evidence/3d/fetch-8ecb063565f0863ec62d.bin,181120,80a93465b9532592d24a839401722e5f2cef16d2ac729fbeee86f493f8a42fa8,in repo
audit3-evidence/3d/fetch-90265178ee193f7b2ca4.bin,72524,cce653e77c4b8e7fc1bbc3cdaecb9076e0721808742f62b6efa108fe7830b130,in repo
audit3-evidence/3d/fetch-9026e7eb5d07d3d9424a.bin,10370,82eea8df10815ed660da92acad6ebcee7a3955750bcd5be6c7d5caa73e4175a2,in repo
audit3-evidence/3d/fetch-91d0a72855b74598a9f2.bin,770,5db9948c5af7463984d3c505d791e5eda64a4a9c9fe6080dfcb0c572fa9274d8,in repo
audit3-evidence/3d/fetch-924d0abb7b096e137767.bin,767,bb2fcc84a115f0681b70f20318b5ee41a9306b5e1a78f5a97f3389e037c8a173,in repo
audit3-evidence/3d/fetch-93bbe978e67d2041d953.json,638,b2a2c3a06a9addc43e15714d97ab21ec197f2c3e62eacacb7032666a9e676193,in repo
audit3-evidence/3d/fetch-93e928f4c0da726d598d.bin,242,3a047e5d6e3f458867f5efb29d1a6bea54bf5ced8c1320f26d7b493cffe2ef79,in repo
audit3-evidence/3d/fetch-9550dba3a4cd7a367df6.bin,90523,c8951c7bd6a05dda0eb4d9d997e612f899adb468a3cb6ba45ee80b7d2841eab3,in repo
audit3-evidence/3d/fetch-95d9e469d8cb93f62e52.bin,11173,8cd657a95ba684c947ce1447b32e4cc3a8f7ed8d64d707f905186e1c54079b84,in repo
audit3-evidence/3d/fetch-974f38c5926cff0bf97a.bin,72490,4bb841cfe5334aac932d346d766d190c7b9d73fe26f212b57491fd7f2176597f,in repo
audit3-evidence/3d/fetch-988f762f58844e6627a8.bin,17663,62f23094fba213d1703f976b35da8bbf4b3833f42523a834b7df95686e6bbf9f,in repo
audit3-evidence/3d/fetch-9925f40c23c5064d4474.bin,6078,0d35198eddd60b6c856d58e2e6010761ceb1d1d947dd99e20a7a8b07e143c919,in repo
audit3-evidence/3d/fetch-99a4a97c52e3d93bed4a.bin,693914,e9c402c303d18b3f10a94c1c95c080cf57674dd8f56f440bf40cd1f3423d534e,in repo
audit3-evidence/3d/fetch-99e274ff40f660379440.bin,72489,dde38754f8ca4e0f56a2bb061ca6a53c2482be21897eea5d46ed532f05b9a697,in repo
audit3-evidence/3d/fetch-9aa6f1cb10de1a84464f.bin,238,238efc56420426f8defdfaeba1f353fc27bc5942c54d83ebb00429e44a37120a,in repo
audit3-evidence/3d/fetch-9ab734516fa9b3d5bda5.bin,72507,828ff1fe90a2d19d43c0999ca73220649e90c8f8f243a5f5ec4e9e8f9d431a11,in repo
audit3-evidence/3d/fetch-9beb06a36a56b1cf0ddb.bin,10460,a963b9ec46c003c0481179a909e0cf90c30487c53ed382593d399ab35a42091b,in repo
audit3-evidence/3d/fetch-9c6f7c6d2dffd5b09d96.bin,157062,cd573950e0b275dc7d50cbb38f07d791d68dcc6538649d9e173876f189ac6e72,in repo
audit3-evidence/3d/fetch-9d00699688503dec90a1.bin,72514,0ab5f780c4c5fb1ca113e8eb3dd6c2ca69693b20be0fd51bf1522c3803dcd753,in repo
audit3-evidence/3d/fetch-9dbec0777fedee2cd977.bin,82350,c57720fc77bbed9c30af7c878c4be56be9cb3a97be60343d62410c14242d3cec,in repo
audit3-evidence/3d/fetch-9dd43ad2297cbf3b7483.bin,261,cbc2b0cdfa8fd5faa21f8f7c41273d1338fcacd3bf1d240adead7017cfb0afbb,in repo
audit3-evidence/3d/fetch-9e43049482b89dc73404.bin,360342,0596ebecb101f0e5118e8a3f5fa3ce01f8b05267cadf9c2781897cf709ea059c,in repo
audit3-evidence/3d/fetch-9ece1a3a9a30d8c170d6.bin,92522,d3379ac4f45ba1babb4822932d8459e3cd1f65d0dd5c4a330498b96dc457abd6,in repo
audit3-evidence/3d/fetch-9f36a9a07e52ecd75ceb.bin,72489,eeb9ef538e8ea267708a5352c58c0788b9f71d384b147f56c436b6f6b31ecf89,in repo
audit3-evidence/3d/fetch-a01514f7c492ce4c2f62.bin,219710,cc7e1b0588ef00576fad7cef14fbb3eb44084efca123cd590bb0b6c32a0e4eca,in repo
audit3-evidence/3d/fetch-a0567ef09782d66f5610.bin,213,8d6f69b0039e1bf102931a46bd7c65e0b2378551b79935f4887bf0655ba627dc,in repo
audit3-evidence/3d/fetch-a5ce4eb6cdb079fc71fb.bin,72513,4608f0c9754c1bba1882023d09d7fee6e3599d5ed5fe14567e034da2f2c39680,in repo
audit3-evidence/3d/fetch-ac83a67cc01c9b58e9e5.bin,242,87ddb21b6cffe8b02858d14da326138374d8f486ecea07d1e1d6cd825beb1b1a,in repo
audit3-evidence/3d/fetch-ae456e2c4c20e7536626.bin,354150,0a7d8d78cd4427d80a5dd2047f98b9169643a48b323cab82c26c02902e2da8a4,in repo
audit3-evidence/3d/fetch-ae4a5e35d62058e188dd.xml,39302,6b96c0184fe66613e9dc726d14ad2be41a36f0af907977d9945d8193286a2bec,in repo
audit3-evidence/3d/fetch-b075bdb1db847a71b64b.bin,2010,5925ac10907f06e4d7eafe559b9d8b85f2abeac30a1963b9891c9da849f9c8d2,in repo
audit3-evidence/3d/fetch-b1030025c8613609ba2c.xml,1716284,644ab621334368758a8957b91b7c1de6abd075f11f5628ebeb0961815902441b,in repo
audit3-evidence/3d/fetch-b11a0d713967d89b3d0e.bin,11957,df6433d5de49da5d23196a56f1731f138a138e8c0ce1bcd243ae02459d131da6,in repo
audit3-evidence/3d/fetch-b18095ecc40ebc95b40a.bin,242,f0cd86c10f91ed502d8e3b9a3d73f1fc3ce3388fdcb2b9acbb876b60d262eb52,in repo
audit3-evidence/3d/fetch-b227aee6e45f858fbd65.bin,10439,c18818cb782a1a19e49e094301f963e88db62265c4e98a70a6b2591378fea668,in repo
audit3-evidence/3d/fetch-b2f9a06588a35f1031c5.bin,651514,f28588d359fa09e88d31bb53288764d266016a5876cec3e6783182cca822781c,in repo
audit3-evidence/3d/fetch-b41c02352d87395bd75d.bin,252,df9d8fa82f23111869291cbee89e8ae4ec88b65275997fef46399f3b20922236,in repo
audit3-evidence/3d/fetch-b45dd197cd69b5f752af.bin,10457,8505ff661c38df189aa35dba80de2b60e9a9b9dc81d459221ad4e39709070645,in repo
audit3-evidence/3d/fetch-b465d42f04af84b2ed9f.xml,1722964,bb7a59836cbf94437f9e6b0858c69f7ab00a635701d6168858045f19f2b08a5c,in repo
audit3-evidence/3d/fetch-b4a24913cb8571938747.bin,235057,a56026cc751bb637b1984c91cef16564e6fe8494520ff02feb649e03423b4a0c,in repo
audit3-evidence/3d/fetch-b520a3395e63d8b7b038.bin,72501,f2fb38bf377608260cbb30508d9ea44a4c5aaecb84cccf525fe97b6404bf8e9e,in repo
audit3-evidence/3d/fetch-b58bb99dfec2e3187384.bin,159739,beb7a89e88ee98dfc9c623b49d4589e66151db664a22d119c12d516aacb47dbe,in repo
audit3-evidence/3d/fetch-b5acc544b262128f434d.bin,354472,b3372fc23ce57729b28d94bdb2d6867e6b35b312a38aa2ee845fab0e9445a5b3,in repo
audit3-evidence/3d/fetch-b5be9ced97749de83cb1.bin,145833,2a1a050c57e3fdada726a2268d0f196aea42e6eaf9d34f39dbbcb8233e3e48f4,in repo
audit3-evidence/3d/fetch-b5e22ae086a6b3533d64.bin,148934,af628f53b25ac9ad14063d9d65f1a21c26a2cbb8aa537ab859516c161c6be35a,in repo
audit3-evidence/3d/fetch-b8fcf0ab8cc22b6246b9.xml,565729,1f76a64e398481f72660787dbf7ad936aa4da995776eea9f19947e94d8a8536e,in repo
audit3-evidence/3d/fetch-ba18094a7b5f6d2d04fe.xml,44906,176af70195e0adf3f70c89ba1cae7475013328143568353383eb4db1fbaa858a,in repo
audit3-evidence/3d/fetch-ba93fe0fd3bee90988da.bin,469500,3102ba755639a54b4632ba5bbe4269fe53f3af6a3542f5d71504c09409429631,in repo
audit3-evidence/3d/fetch-bac2b9fce69e3ada6b81.bin,163109,ddf7b687ad1956111d9bab7308b6fd36d4b5e23907247c82d225f7e8cad3c4bc,in repo
audit3-evidence/3d/fetch-bb07eea40684e65121fd.bin,24421,208f7d05d0a6de27f563dda5dc852334d259799b3076d11af28cb733afbc11b5,in repo
audit3-evidence/3d/fetch-bbf49d415947748ff25b.bin,72532,c5ca618d42c5b1d63848eaa51d9f89f872077e13b04a91cb7a9c883055337426,in repo
audit3-evidence/3d/fetch-bf2e80b257a9ed9cb193.xml,67185,3cfb03d0b36e981d3fe7719ea97c4b194d02f8e404d38b06b43b25c25fa6ddf3,in repo
audit3-evidence/3d/fetch-bfe69ae9f1411da18abd.bin,149986,bc9bae25c9a01814a363e3c582e551fd4db019cc4be75badc59ca4fea278b6bb,in repo
audit3-evidence/3d/fetch-c050aa0c7cd8f1bc0da2.bin,140637,18f727bf04e6e1fdca7ee2dc301021b133ead81bebd4da5e66366f1ec051f7f9,in repo
audit3-evidence/3d/fetch-c1141ddb104e6a51262b.bin,150368,39f801033fddeec9ff0b13213da39063b9ed972c43d984ea38ad7dcd2fec3192,in repo
audit3-evidence/3d/fetch-c255d8c9c9668fd11fae.bin,105016,2826098681a25dfcde3a5e2dae2d13781b14343e023d547a034f6c398961941e,in repo
audit3-evidence/3d/fetch-c3ec3689098f3ae280fd.html,208946,58ae4558f42d97eba601d51bde58485a01bd8ce27ff71dba9f3d0860471a92cc,in repo
audit3-evidence/3d/fetch-c499f455d0ff46f229a7.bin,72530,be12ae6f750d5109679ee52f48f381e455bb7513e11f731b99516a91fb3103cb,in repo
audit3-evidence/3d/fetch-c52fe619be5e1ae31812.bin,77313,ce74be20d694372fa38506f10fddcb1b7e207c28adbeed82ebb9d100db0131a0,in repo
audit3-evidence/3d/fetch-c8180e4d8d481d5cd6da.bin,11098,4996786d861a11317a2bedef2bfaaf5ccd0248f66f73912122495cad1ec24e1d,in repo
audit3-evidence/3d/fetch-c8cce247795565a6cbc1.bin,364267,c944e19184574d26d7a45314222ede26c958072040d5ea646bca3f0d19abac88,in repo
audit3-evidence/3d/fetch-c9af86716706db52facf.bin,142203,1abe577a956c840caa8c093c77c779a85b6671407d8e1fc4cc415aa09a41bf05,in repo
audit3-evidence/3d/fetch-ca20a403167aebdb14b6.bin,10479,e31dca3c7d1540a01c1786b06c4b3a0c92a6893923ad75c3002ced609ee86b4e,in repo
audit3-evidence/3d/fetch-cae33d23f9ce9d08e1a9.bin,112333,a44e83c14e02820b61e2bc61fa70e09a066baa026dbe0262ad0b17eab5a79fd4,in repo
audit3-evidence/3d/fetch-ce45770f87d865035b3b.bin,291519,41cff520f06923255d058eb5122c4e0796e18d8f03904af24e615580950be6fd,in repo
audit3-evidence/3d/fetch-cf6b34cac68fc777476f.bin,242,e7943ea302a430e3ef1f990ab09ebccf43dc9f0e59cc6682deec005cc2c14ebf,in repo
audit3-evidence/3d/fetch-d1472e6efbb21a9dcc2e.bin,72500,372b8e8afc6bab2aa2acb982179f38e1b4b1f000cf1ec3cf5b470422477d3b85,in repo
audit3-evidence/3d/fetch-d2d0e79389b32d1b7321.bin,10445,dead58d8757322113427c6756bae678c40b3bf0fa51c1add7dcdc9ff94f9d7e1,in repo
audit3-evidence/3d/fetch-d8e6fd2ea6146d975999.bin,1084963,d26b1b1158d7e6f1a70922bc4eb90a7583d794873d4f0bd9040ba268db9c5e8f,in repo
audit3-evidence/3d/fetch-d9bce17860c110c6d289.bin,72495,02f7bda2766a7b4223ad14203f6fb3c8549874e1ebd2aeb3f289db31bb9fe3fc,in repo
audit3-evidence/3d/fetch-d9ec627fc4ddf08e3ecb.bin,612036,4b7e257d645c380e146411c7f23075c7b7920ef380675e3c7294f7907c39ffe7,in repo
audit3-evidence/3d/fetch-da23a9e922b91d57b0c0.xml,1723667,83cd0d51aea0cf7d472cc0924eb0dd5af907449d7a82e01895217d40ec59c12c,in repo
audit3-evidence/3d/fetch-dae6c9081f71b47b1c8b.xml,1620270,cc93b2edeb18eba9be43267fd127cdffc649080d689493aa44a369f2b4e0503d,in repo
audit3-evidence/3d/fetch-dbbb84d78b4bd542d850.html,30895,c6a682ee69645e66e92d888056e2901eeda770a2f5d3b42062ad6fea0f70b529,in repo
audit3-evidence/3d/fetch-dfbaf6c46228d2ef46ea.xml,616820,1b7151409a085e9b8bf0dd51ad8dabee8a5854b540fd5bf28f9d5d2de1a6ba09,in repo
audit3-evidence/3d/fetch-e004a8b9f0a4db30690b.xml,120746,c8a06400ca8e46d1bbe69ca27b3ccf03ba9561f0567161f6c19789ba5c444958,in repo
audit3-evidence/3d/fetch-e37bbe26729c854a53cf.bin,398241,9b243ae4408274c69af6518e1a3ada26282b0aeea801ad81fcd3c548f20dc42c,in repo
audit3-evidence/3d/fetch-e3b324e98e3f26508818.bin,41574,8e37dc3b26b66550a8ef2f6a89e316922ea8d0d614f643e354aa0bafd7cc9f4a,in repo
audit3-evidence/3d/fetch-e68996eee4f91c88d73e.bin,72522,2b3b65042ffe0a79a8333e3b86464676bfb615cda8e71d99e6ffc67fc566ceab,in repo
audit3-evidence/3d/fetch-e704d8178d0f2af7c27b.bin,100917,397138495a66dc9f7d157b0a02ac6841d5c25817dfc3181ed603c3bfcbc57b38,in repo
audit3-evidence/3d/fetch-e8e3cca6e5f054d7a22c.bin,10442,73f3ee03a34f0d49ea9664168525ef951ba71a40796634e20d5a83cf92c4f1c1,in repo
audit3-evidence/3d/fetch-e8fc251cd8727f22d296.bin,242,f0cd86c10f91ed502d8e3b9a3d73f1fc3ce3388fdcb2b9acbb876b60d262eb52,in repo
audit3-evidence/3d/fetch-e9a1255e706676dec172.bin,72531,ed8895b1165ad22221dd396ff3b93744d1f9438696004cccbdc607b3ea5a1bbe,in repo
audit3-evidence/3d/fetch-ebb92bdcd0d361fd4880.bin,10454,0f7d00415806a9792494fa2c5bd11ec647d023580999e56abe565f20b4e6e29f,in repo
audit3-evidence/3d/fetch-ee747bd7fd4632d309e6.bin,242,e1e8be3a42354784b9644520c8ec2e13b1856593a1860fca6f448d4fa46cd687,in repo
audit3-evidence/3d/fetch-eebdc33f5d30f1df2465.bin,10460,3d65c337e369da389e466d3f54af6f1206affe5017499dfb1f4c1b928cb89259,in repo
audit3-evidence/3d/fetch-eeeea766a33b2f963b9a.bin,10472,25cea0f2f2380832c4a9281d7c9f18fbf072ff28cf32a03e4f554ff5d6712fdb,in repo
audit3-evidence/3d/fetch-efda84deb5d95e632ceb.xml,1722985,e00249ec4a62c79a2424ea2715a1393724a1f84715e8c43572a106948dc2126f,in repo
audit3-evidence/3d/fetch-eff7c3305e9de4ebb942.bin,72223,bcf3aaed08cc3d6922af9934b575332115ddcc63f29d1b685428e4414d76c457,in repo
audit3-evidence/3d/fetch-effc09528c527291d62c.bin,124763,f33ba24d10d5a08e8b1e09b002620d0a9c735a14ecc311561657ac6143d26956,in repo
audit3-evidence/3d/fetch-f08ca9f37ce92b017a0e.xml,518700,82bd91040713f6fbcf0deb3fb2b92861e70adafab13feec36be7d9c44cdf01e3,in repo
audit3-evidence/3d/fetch-f0e3e8499629410d901b.bin,61080,a1abebfdfd32981a5cea8a66f81da3be304ab0c14d34ced3f6d7ce67b8c001e5,in repo
audit3-evidence/3d/fetch-f0f06cc6448814a0a90e.bin,11912,07d26365f9deb4772ac41bbaa9247d81c5f988ccb80c4f96e936d431686d4c6e,in repo
audit3-evidence/3d/fetch-f1545f479a5558e2ec45.bin,72500,0c25cc598ec03a9850f8b003b446306753cbc2b0a5080bbcdc0a83425b44fced,in repo
audit3-evidence/3d/fetch-f1ea743d0efb72c2ff88.bin,38254,db82ba6d507b2ff9921af6f9a777db49a55df8e0b90f3fcf572dcef77bd17249,in repo
audit3-evidence/3d/fetch-f2dfe60ed67b0506e3c2.bin,161526,ee14fbbf01cddedcfa5d4ae2bef4dc849a6388fca490409047cd16c76b00efcb,in repo
audit3-evidence/3d/fetch-f49bcb2e1100c7040ba2.xml,434194,2d7fb0b95fe48143b48e82970152ba6d8d0b25d06522d1beacc835833ec3d4a9,in repo
audit3-evidence/3d/fetch-f4e330b00eab1edf3e5c.xml,52539,97afc087cee8d792cc8a1e418bcf770dbfffea8c9a2c048181d4e49df1a4d3ac,in repo
audit3-evidence/3d/fetch-f5373adc4c361edf1f7f.bin,49595,731b36fd9c1588e60ed0fdcb067ec96e57e74712e7f9350fe963c8cc8f495072,in repo
audit3-evidence/3d/fetch-f5edbe9eaf5b58ec3275.bin,151300,15d2766b1e3d7050aa51d08274fe655a3fb0aab24cca560f62ed795ac21d41e3,in repo
audit3-evidence/3d/fetch-f6cf55c4eae5bc2ddf7e.bin,178017,16d21bdd18b9e05bac1c56a5a44d64ad7a084d903df07270b85f4d1b0a9804c2,in repo
audit3-evidence/3d/fetch-f826f96b7d6f859d36fd.bin,72502,cf0b548a1590f7aed5311c51cde3f99449d804ac685d9e2fc032142e71db71a4,in repo
audit3-evidence/3d/fetch-f8b1def7f2a4db259a36.bin,10448,6fb0528fadbb071a6983abca3f6ff17af61a34605b058dfc2b9bbb5e10bbbbfa,in repo
audit3-evidence/3d/fetch-f9176c7309fac146dcbb.xml,467210,c6d527a11863f3ddc089e6f518d5c6d6d7067eb14e4785e66ccad1dc99020d91,in repo
audit3-evidence/3d/fetch-f93364bb14638529e03e.bin,10523,849a75160610201653b20dd7b11d99d64be5106eae81bbb6f16bf8bfffe81e26,in repo
audit3-evidence/3d/fetch-fbc4ce9858412dff9219.bin,6985,0e23050300171173c6c1a16d0afbf78e6e4a15544e4390892a2edb99d92aa25c,in repo
audit3-evidence/3d/fetch-fcae76444079298ae60c.bin,10553,f9422562791a47af1475b6c8e45f9eee9d8e4d22fa8093e28403225182c62b35,in repo
audit3-evidence/3d/fetch-fd565d8bd0b1b19fd15e.bin,5469,4e73ccbfc82391c4b313ad0630408f8520d591a7e79f869aa40e33ed0a0869b5,in repo
audit3-evidence/3d/fetch-feeacb45db0c9a7cb532.bin,72470,94569e07808b0d03df1566f140146a5eb43f5633bf1a6bde7bee8b98cc0f0a38,in repo
audit3-evidence/3d/fetch-register.csv,223678,5cbb3db398972cf2ec8ac935559510bedfc7dbefd090802f269481c6c05ff1d4,in repo
audit3-evidence/3d/fetch_evidence.py,10916,cfa97f315046b0d1a61ff5c446e039c5656e6848086c9305f09364fcde27b3b4,in repo
audit3-evidence/3d/label-collisions.csv,1055,d06b4574eab9246d137edcf0242ce84f06b68ca6f6a432fef031a878f58bfa81,in repo
audit3-evidence/3d/layout-summary.txt,473,bcf9c64c0e4b81bbf84b13bc07ace6659ec4b5c8face4f570d57da81f846aa0e,in repo
audit3-evidence/3d/layout_check.py,6138,25870b314f0a5c97db7111c6c84b8479da263c42a501067d916f006bf3099a87,in repo
audit3-evidence/3d/make_row_verdicts.py,7541,ef6273af857007830be03c3e2d473d9d5f11677e93995d045691ea48f9848b9e,in repo
audit3-evidence/3d/node-heights.csv,729,779c0ee82735890827b7f19297593189ac109110039735170eb1a69c31fee808,in repo
audit3-evidence/3d/register_local.py,3761,e2ae91268926dbb21e3abb1697486e62d3f23b9334e395b0a5970aef8f387a78,in repo
audit3-evidence/3d/rendered-check.png,3097250,9d3b0ae3a6637d6345e7ae08246307a25c47397b350dc880f255fad07cc60801,"not in repo (size); IRS public file, see path for object id"
audit3-evidence/3d/row-verdicts.csv,71411,1022ae7ee3b402c3a83918b726c43f6fdebba8128e20bf61fcda97a48213fed7,in repo
audit3-evidence/3d/scope-rows.csv,128636,3049829c5d640a572c5600690dd3a3ddb4bd5af313e5b87f2dc807748e72565d,in repo
audit3-evidence/__pycache__/audit3_checks.cpython-314.pyc,28634,b51fdf02fd41b8a4677b5084c9628cf629588c3bd8f825478fc757fcd60a4e40,in repo
audit3-evidence/__pycache__/audit3b_checks.cpython-314.pyc,33910,aab2842b7e0d47e58be3f2abb5eb335652e9180f85d7f44dae6785190c8e24be,in repo
audit3-evidence/audit3_checks.py,17748,ae5901df776100d29b3f5677a0f3b79d0991f1e070dc21365762aaaa78633b24,in repo
audit3-evidence/audit3a-calculations.json,21343,3db78a401fcc4f459534ddaf0725a8dca03742a77e4e0f2a1bacce27118978a1,in repo
audit3-evidence/audit3b-calculations.json,13120,cf0156925bd0e365890c9024ae777a9d2897ee21bf0ce5685c03913db886d32d,in repo
audit3-evidence/audit3b_checks.py,19317,c9f48b442b6ae30c57222a9cf007bd07e0663cb8ca1cb3806212f6f70bd7da2d,in repo
audit3-evidence/calculations.json,234257,45da51054c2f6cf898b83e62b43b3fc9e63e363f245d5259935010cd77c575f4,in repo
audit3-evidence/canary/barnes-shortform-2025-09-28.html,10479,e31dca3c7d1540a01c1786b06c4b3a0c92a6893923ad75c3002ced609ee86b4e,in repo
audit3-evidence/canary/metr-new-support-2024-10-09.html,51958,32dc4380846bdc2041c862bcc7e517fe272822df2855aee77e8c0d77fcfd9ed1,in repo
audit3-evidence/canary/rand-press-2024-10-09.html,30895,17c12d6a8e530dbb12bade317821b377b978f82b03f194a07b3ffbfc4f0e8205,in repo
audit3-evidence/coefficient/06580259151da04d.html,72499,42df64580db601c36c4f5298fd9d065bea3a7f7dbc4cafb82ebb2162dc70e2b8,in repo
audit3-evidence/coefficient/0e366d5c1aabbf60.html,72509,e0512562f398b0a7e27857677701b55fe9b3dcdac91faa27a62de7e9df641e12,in repo
audit3-evidence/coefficient/102916deb214b6c9.html,72504,8d9578e2a850ecd7c07ea311fa3c8aad16ebc0835046abdb173a2ce9cce08116,in repo
audit3-evidence/coefficient/169e4f0568d68d60.html,72519,2927cd918f8007b5b4c53f510a81ec0466f0552789c9090206b3ec40a4802aff,in repo
audit3-evidence/coefficient/1aa34c1812718c5c.html,72501,1b8624ba7b94760b3849862f97a27e8890e12e9b8ba5152544dca9a41f07f022,in repo
audit3-evidence/coefficient/236a7353ef1891f0.html,72532,ce0dfde3310d580f7638ff63bce85d0dc565c07b3c7739c261de1b6756393312,in repo
audit3-evidence/coefficient/29a698f621d63540.html,72522,7c438733215b155b88d9e8ec9399aa716db912c1c0e1d937f80b83718ab379f3,in repo
audit3-evidence/coefficient/33c0ed2ea6875a3b.html,72526,c26eb0ecb64f2cfb451115585d372667008cb7349c992d8bd12fc7b89c284be3,in repo
audit3-evidence/coefficient/3b6d4c8ac91258c8.html,72496,118138b37f0dbf491b5f968fb61e33b418f21481193d1328259be6fd96a08c8f,in repo
audit3-evidence/coefficient/3c4e511ea0b0befb.html,72492,e8627ae3bf1be42b22ee71cc5fc4810b35bcc43c5c9b836b72357b8f9c619301,in repo
audit3-evidence/coefficient/3fe510f420913cf7.html,72505,5122252226c0007d1815b11cfc919f443b52ed77356e34226f036481f087af96,in repo
audit3-evidence/coefficient/40841b6a423e55e1.html,1943702,792ca6b5ee5967520e069b42aa3801149fe8dcffdcfe90b7fe8bca1904a8cd49,in repo
audit3-evidence/coefficient/418ef12a04ce3836.html,72507,f93672d8a17e4831122af301ec3e961fd858bc66e3214533ddfee8f62a4750d1,in repo
audit3-evidence/coefficient/4b1d48c63b2c7ae5.html,72527,592abfde3896b08d2d973f11c61644240bca0d8517ca463403f058bf7629c62f,in repo
audit3-evidence/coefficient/4eb9aaa6af3629cc.html,72509,73dc8cb2c4861eac38c48346812a3882744a61b9223b1545be2ec19971309468,in repo
audit3-evidence/coefficient/50fda0eed5948af7.html,72522,55eaccc23a7ea279b092154543db2178da750a806246cb9b9c885e01e44fd972,in repo
audit3-evidence/coefficient/5d6fd761fce79914.html,72499,0357e60c678c4fd8c2598b626d55a7de5d5fe1cae09dabf64775a8679314c038,in repo
audit3-evidence/coefficient/62756346ad8bb187.html,72497,2261c750c429e9ee23837c880f6683dbe8e832d1b6ce612158d4019653bf856d,in repo
audit3-evidence/coefficient/72587095b87bf260.html,72497,22c3e90bd0d02a339ba5bfe0d741665f7e99561cc1a31cf6d7e48dc2aad21203,in repo
audit3-evidence/coefficient/7c2a31e44e48f3a7.html,72512,02b54b51c81ce12cc7f50edadf1f8dcc6cc7470711808660a3ce8ee7540b5f38,in repo
audit3-evidence/coefficient/7eecdb4fc00a0fd1.html,72509,aec26df830608d192b90d27c3b36c90c5dde7935081f5c37a04b6c167da826da,in repo
audit3-evidence/coefficient/82853fe7e7a32c27.html,72494,ca9e6cf95f4b535959420cad1efae6c6d973ed2f5e8c8b32f83f7ffa83aa501f,in repo
audit3-evidence/coefficient/88e5da4a5acecef0.html,72527,5ecd6e0a148a33cc42d51efa9b85fa6d34a41a39f8eda73d2a37527676506d72,in repo
audit3-evidence/coefficient/90265178ee193f7b.html,72524,cce653e77c4b8e7fc1bbc3cdaecb9076e0721808742f62b6efa108fe7830b130,in repo
audit3-evidence/coefficient/99e274ff40f66037.html,72489,dde38754f8ca4e0f56a2bb061ca6a53c2482be21897eea5d46ed532f05b9a697,in repo
audit3-evidence/coefficient/9ab734516fa9b3d5.html,72507,828ff1fe90a2d19d43c0999ca73220649e90c8f8f243a5f5ec4e9e8f9d431a11,in repo
audit3-evidence/coefficient/9d00699688503dec.html,72514,0ab5f780c4c5fb1ca113e8eb3dd6c2ca69693b20be0fd51bf1522c3803dcd753,in repo
audit3-evidence/coefficient/a5ce4eb6cdb079fc.html,72513,4608f0c9754c1bba1882023d09d7fee6e3599d5ed5fe14567e034da2f2c39680,in repo
audit3-evidence/coefficient/b520a3395e63d8b7.html,72501,f2fb38bf377608260cbb30508d9ea44a4c5aaecb84cccf525fe97b6404bf8e9e,in repo
audit3-evidence/coefficient/ba18094a7b5f6d2d.xml,44906,176af70195e0adf3f70c89ba1cae7475013328143568353383eb4db1fbaa858a,in repo
audit3-evidence/coefficient/bbf49d415947748f.html,72532,c5ca618d42c5b1d63848eaa51d9f89f872077e13b04a91cb7a9c883055337426,in repo
audit3-evidence/coefficient/c499f455d0ff46f2.html,72530,be12ae6f750d5109679ee52f48f381e455bb7513e11f731b99516a91fb3103cb,in repo
audit3-evidence/coefficient/d1472e6efbb21a9d.html,72500,372b8e8afc6bab2aa2acb982179f38e1b4b1f000cf1ec3cf5b470422477d3b85,in repo
audit3-evidence/coefficient/e09599ef7cfba8d4.html,110859,6c66124f20c2074986b4b140874bd84ff850449bc78b1a88a2d965844858cb90,in repo
audit3-evidence/coefficient/e68996eee4f91c88.html,72522,2b3b65042ffe0a79a8333e3b86464676bfb615cda8e71d99e6ffc67fc566ceab,in repo
audit3-evidence/coefficient/e9a1255e706676de.html,72531,ed8895b1165ad22221dd396ff3b93744d1f9438696004cccbdc607b3ea5a1bbe,in repo
audit3-evidence/coefficient/f1545f479a5558e2.html,72500,0c25cc598ec03a9850f8b003b446306753cbc2b0a5080bbcdc0a83425b44fced,in repo
audit3-evidence/coefficient/f826f96b7d6f859d.html,72502,cf0b548a1590f7aed5311c51cde3f99449d804ac685d9e2fc032142e71db71a4,in repo
audit3-evidence/fetch-register.csv,7328,695651b3f68a8c56529dbdb7722e05291ee005336bf8fcb0ae51c5ed3ee6ac66,in repo
audit3-evidence/fetch-register.json,56743,cc9bd3640d0078efa2c16050b2d09dee610d31fb972507bf3a4a149bd71a1be3,in repo
audit3-evidence/fetch-register.jsonl,30263,b1598295f968eb9174d0899fa25f863aaec5839683642cbc6e5b89d5909a6775,in repo
audit3-evidence/fetch.py,3099,b6ff86318a44e73ec8cc0e9f495be5f53c1a3b2e0a917c61e6566688481cdfa7,in repo
audit3-evidence/fetch_sources.py,8944,f3a32761ae1f8d11f09280f1a28f6efaed16d011b59f6fa4ded833825b5eb4b1,in repo
audit3-evidence/figure-links/benton-S13-fxtwitter.json,1966,e647a83aa9e55582aeb41dc02f48267e09f51a449e01870903f90dcc178829c4,in repo
audit3-evidence/figure-links/metr-about-K01-J08-jina.md,20912,38d6cdf2966c857ba43c202354c90ff59db1e0b7b33563d3557aee33ddf18777,in repo
audit3-evidence/figure-links/rw31-metr-fxtwitter.json,2010,5925ac10907f06e4d7eafe559b9d8b85f2abeac30a1963b9891c9da849f9c8d2,in repo
audit3-evidence/figure-links/rw32-metr-report-jina.md,281909,b87d711a3ced99ca5c931f15183e4e39dfa3f824df8ceb28a5786f3823d4803b,in repo
audit3-evidence/figure-links/rw33-openai-technical-report.pdf,521159,dd635cf6e5f39f0e1f646f08c36549090d77156ed89cbd3d733ed496648cae9c,in repo
audit3-evidence/figure-links/rw33-openai-technical-report.txt,114925,beff5e4e340fbadb210c96823f2fabb99790c82b24d229df8189d4e044abc89c,in repo
audit3-evidence/figure-links/rw34-redwood-jina.md,279108,d9d2386436eb8ada7db5b57a9e919af4eae6b2028563e27e01940419cb6c0874,in repo
audit3-evidence/figure-links/rw35-anthropic-investigation-jina.md,116039,5221d991fce49a822c4da50b9f20f8eed4fcdc6d72dd04b9f578aadd14e5e607,in repo
audit3-evidence/filings/01ea6cbfe3cee343.xml,50599,76599f4d93a25fb7da5487929e5dd2c9395ba1dcb330078364011203fe46db36,in repo
audit3-evidence/filings/153a8a92ff0f50b9.html,24098,b34a81a9499aeee5f2a379cf52f83832e843e049163719e93d65a0a784ec5231,in repo
audit3-evidence/filings/185b7c3fa2046165.xml,138358,f71263bae41325eccb9569e96a19796c9d0e53dc9682cc7deae992721fb33e2a,in repo
audit3-evidence/filings/1a466135269b2aaf.html,23731,81f69665804c4df31b1866448a177691ed3c6be2db35222f3f30dd65497f8bf9,in repo
audit3-evidence/filings/1f45673432411664.html,24098,08c913bcbb60d3ea7dadbe7c8dbbdb7b5f8a05c2fee63e4f665358535c4c7129,in repo
audit3-evidence/filings/253bec8974d340ce.html,30227,15addd13c96c97119628dc6598df14ac93821fd0190aeee982f2bcea79f0dfce,in repo
audit3-evidence/filings/35add3696a25826f.html,24098,7438e6398d7a29d8fbe14dea2d05d08bd4460c96d301413a53fd2fd944a1ae82,in repo
audit3-evidence/filings/4bbb22a8381bb12d.xml,3725587,3c863cbcc6e05436e07d99d7f9f4fdd13164925b52c97fce8ba4ce534a1249b9,"not in repo (size); IRS public file, see path for object id"
audit3-evidence/filings/5855f601445171d5.xml,126535,91c4a60523ac38af081f638fddee13f65f4e9d73fc0b91e317881fcb3dadd546,in repo
audit3-evidence/filings/5c515644d2f3aff3.xml,370376,08fa34bf326f2d57045ad2af956a077ea867e8a13ede5969df478ae1230020e3,in repo
audit3-evidence/filings/66795c69d739c86b.xml,139977,f6b70456ccb8421aa6f89a5d6ac3512a7f0f6dd7369b18f188480a193e1e32ef,in repo
audit3-evidence/filings/82083f9da63e3702.xml,162353,640b845ba68cc1d4724aee2e942b0e245839c00e0eca7eda9cb811a83dab6b00,in repo
audit3-evidence/filings/8261c1ec4e670d59.xml,585242,ab5fb64b8f55f7bdb9cf9fb9baecfdcb1c99430aad640e2cf41419025c87b4e2,in repo
audit3-evidence/filings/b1030025c8613609.xml,3064084,645b0b2f5294b082f20eba2e41150af9f0caff613190a256c7d5936907020d1d,"not in repo (size); IRS public file, see path for object id"
audit3-evidence/filings/b465d42f04af84b2.xml,3063380,a8c3dd2044967f410311d76e16807dcc8e5aa88e553d970ae479e858d2622490,"not in repo (size); IRS public file, see path for object id"
audit3-evidence/filings/b8fcf0ab8cc22b62.xml,565729,1f76a64e398481f72660787dbf7ad936aa4da995776eea9f19947e94d8a8536e,in repo
audit3-evidence/filings/cae33d23f9ce9d08.html,112333,a44e83c14e02820b61e2bc61fa70e09a066baa026dbe0262ad0b17eab5a79fd4,in repo
audit3-evidence/filings/cfa17c9f4259d02d.html,24252,c21d07b4829a7900ee5e54506887db567de8a5f81e29262e81bf8392083d428b,in repo
audit3-evidence/filings/da23a9e922b91d57.xml,2975333,8af8622ec434d37f7e934b674dd72dd2c7cab41beb804011f23bd16a2f28701f,"not in repo (size); IRS public file, see path for object id"
audit3-evidence/filings/dae6c9081f71b47b.xml,3284679,24fad57059f4fb65b9eb726f0aa83f1eb2a04951844d32ad9fa258e1f23ea706,"not in repo (size); IRS public file, see path for object id"
audit3-evidence/filings/e004a8b9f0a4db30.xml,120746,c8a06400ca8e46d1bbe69ca27b3ccf03ba9561f0567161f6c19789ba5c444958,in repo
audit3-evidence/filings/f2e2e5123908ae58.html,23672,5634f4fb6637a542d658403adaecc40ebeeadd6cdb02d28b6dbd350cf8dc62b9,in repo
audit3-evidence/filings/f49bcb2e1100c704.xml,434194,2d7fb0b95fe48143b48e82970152ba6d8d0b25d06522d1beacc835833ec3d4a9,in repo
audit3-evidence/filings/f4e330b00eab1edf.xml,52539,97afc087cee8d792cc8a1e418bcf770dbfffea8c9a2c048181d4e49df1a4d3ac,in repo
audit3-evidence/filings/goodventures-FY2024-202501349349105365.xml,616820,1b7151409a085e9b8bf0dd51ad8dabee8a5854b540fd5bf28f9d5d2de1a6ba09,in repo
audit3-evidence/filings/goodventures-fye2024-202501349349105365.xml,616820,1b7151409a085e9b8bf0dd51ad8dabee8a5854b540fd5bf28f9d5d2de1a6ba09,in repo
audit3-evidence/filings/goodventures-fye2025-202641359349102829.xml,706000,59e3f50b90315655ea928fe9074de3efba9dc402da3d385d34feaec10e040df8,in repo
audit3-evidence/filings/high-tide-propublica.html,179685,66cc4a81a4bf1f85de700bea94b4b40df0bee6dbf2b828c4be7faef0d7ae1f69,in repo
audit3-evidence/filings/high-tide-ty2024-202503179349100135.xml,50599,76599f4d93a25fb7da5487929e5dd2c9395ba1dcb330078364011203fe46db36,in repo
audit3-evidence/filings/irs-schedule-b-instructions.html,115322,76259cf18c9d6f598b13a7481ab265218d5c0af85fc48872474645d09395b30f,in repo
audit3-evidence/filings/irs-split-interest-trust-statistics.html,114315,db8681294182649d1f477cc1de22864f94a6ec23724b2d0dda10da53d7d6ea54,in repo
audit3-evidence/filings/npt-FY2023-202431429349301368.xml,11155542,77f80a549086c9712696a8caec623a39ef19c6d8af5b9938ae4ece747a22db19,"not in repo (size); IRS public file, see path for object id"
audit3-evidence/filings/npt-FY2024-202511339349301311.xml,13342911,e0c19ba8e4ec3ddb00560ad6f0e25b2f1d7b6280cab48ffe66b2e36112e1b7f1,"not in repo (size); IRS public file, see path for object id"
audit3-evidence/filings/npt-FY2025-202601289349302480.xml,15963437,4fb1f09c64f8fcc2f046e51ecd570f1b14817c710fcbc4bad53f7572d7897d5c,"not in repo (size); IRS public file, see path for object id"
audit3-evidence/filings/sit-2022.csv,77976639,8afc7482511b133a239209d5ad1d03be24d8447ff5abd346e566063f4e61251f,"not in repo (size); IRS public file, see path for object id"
audit3-evidence/filings/svcf-2023-202413129349304911.xml,3063731,c84608f827f1e1281368f5f7b66c070ead647298b2b358110d5b92ab630860de,"not in repo (size); IRS public file, see path for object id"
audit3-evidence/filings/svcf-2024-202543149349305759.xml,3284679,24fad57059f4fb65b9eb726f0aa83f1eb2a04951844d32ad9fa258e1f23ea706,"not in repo (size); IRS public file, see path for object id"
audit3-evidence/filings/ted-foundation-propublica.html,112333,a44e83c14e02820b61e2bc61fa70e09a066baa026dbe0262ad0b17eab5a79fd4,in repo
audit3-evidence/filings/ted-foundation-ty2021-202242949349100909.xml,319483,0978f51e0295826ed30e0cb87e1457100fa39592f4eafce620b80411ec634d5d,in repo
audit3-evidence/filings/ted-foundation-ty2022-202322779349100017.xml,630664,fd86c51c00ed06c183e33abaaff3b6a68554c0098856263ac636eef0af70f831,in repo
audit3-evidence/filings/ted-foundation-ty2023-202442359349100919.xml,574440,d577d4dc3053dce97f143941c985f8db4dc641a1f2d2835709cb00d98eba9145,in repo
audit3-evidence/filings/ted-foundation-ty2024-202502549349100435.xml,474083,19e57b51a42a3f6c371cba90443bd2b370979a790e01606a8e4deb3d66fa088f,in repo
audit3-evidence/filings/valhalla-ty2024-202502559349100000.xml,119752,34824e72ac46ec97054d1a7c6de9f81ecd9aae6160f291aeb81962c574bb1bbe,in repo
audit3-evidence/filings/vanguard-FY2025-posted-schedule-b.pdf,16123175,f99b067f5189930620e69299998a7a16b453e818d68e11cd1f4d6f36af3f4b82,"not in repo (size); IRS public file, see path for object id"
audit3-evidence/filings/vanguard-FY2025-posted-schedule-b.txt,15247697,89c869c43df9c2dd2b7965b9d01551979847213f395640b169e8dfffca57c4d5,"not in repo (size); IRS public file, see path for object id"
audit3-evidence/investors/anthropic-IV01-series-a-jina.md,3327,4b2bfbd1a1afb5a32b605ad0740f029fef3c3e25b661dc2810ebda669a5ecf4d,in repo
audit3-evidence/investors/anthropic-IV01-series-a.html,140637,18f727bf04e6e1fdca7ee2dc301021b133ead81bebd4da5e66366f1ec051f7f9,in repo
audit3-evidence/investors/anthropic-IV02-series-b-jina.md,4299,a5d36025b5a72acfdfb6b4491442d43c8f1d959a809ea81b9812487a550a1c4e,in repo
audit3-evidence/investors/anthropic-IV02-series-b.html,142315,faa8f20a6a947f1b02d29a593ec090e27d709f93ebfec5b785680bd639aff7d9,in repo
audit3-evidence/investors/anthropic-IV03-series-c-jina.md,4095,3b5cc00862ca42a490561a30e82766ca58dc2fd2069f49c13c47e903a77fd078,in repo
audit3-evidence/investors/anthropic-IV03-series-c.html,149986,bc9bae25c9a01814a363e3c582e551fd4db019cc4be75badc59ca4fea278b6bb,in repo
audit3-evidence/investors/anthropic-IV07-series-e-jina.md,3554,5dfb1d20d545a59dda76f9778bd9d82ffcbf21dd0fa8c0c79afe1220c7560337,in repo
audit3-evidence/investors/anthropic-IV07-series-e.html,145721,445a94f03c167160acaade088262ed6fa7c8f3a977bf6106baddee080ba61c16,in repo
audit3-evidence/investors/anthropic-IV08-series-f-jina.md,4917,1532b8a859c467a172aba4bf6a6e2b7461917052c88fb5dc71b03328989a8855,in repo
audit3-evidence/investors/anthropic-IV08-series-f.html,147803,7726860362132be1b20e09dcb433a624fad11afd4a0afcfcc33c7c9b2d1bbf7d,in repo
audit3-evidence/investors/anthropic-IV09-series-g-jina.md,7816,5077d5ea0bf9e7dd888e74cc0164510a5562feda369fa4e84430ac3b1a77a2f9,in repo
audit3-evidence/investors/anthropic-IV09-series-g.html,159739,beb7a89e88ee98dfc9c623b49d4589e66151db664a22d119c12d516aacb47dbe,in repo
audit3-evidence/investors/anthropic-IV10-series-h-jina.md,5648,2494b2c26224b5b39b21b9a3a27cc1398ee11c7157536c77df6832e71ff832a5,in repo
audit3-evidence/investors/anthropic-IV10-series-h.html,148822,1d50fedcb14bddca5d1d3cc94338a62e201d3231591334479e5db36356cc12af,in repo
audit3-evidence/investors/aripaev-ST98-tallinn-jina.md,17611,86b9e7da78c039f7b9dc49f949c2b0cb5c555d489c5afa47a537c535663c9241,in repo
audit3-evidence/investors/cnbc-IV04-series-d-jina.md,3335,298a3748c9a9740293222d3e1adb5a7a316aae8dd00cb40075b3e8da5c396a7c,in repo
audit3-evidence/investors/cnbc-ST48-hillspire-jina.md,26741,a513a7f35504bc8ee057cc0cf7de6b13a7d78929b6ae31e394421f2012919c90,in repo
audit3-evidence/investors/forbes-ST49-schmidt-jina.md,110998,64788ee09e3a65f599d966fa03d0814ac29b9ad35d0602a46f8a50fbd3ba5e09,in repo
audit3-evidence/investors/ftx-DI-10241-1.pdf,195540,01ccdb12a6eb127d5f1bc84d6e4ae24176908f695022d4d5726ac337b36cbc6c,in repo
audit3-evidence/investors/ftx-DI-10241-1.txt,4612,d47b62e8635cf7cda096476e5151b2a213e3758964e7d7e92785edd4c4853edc,in repo
audit3-evidence/investors/ftx-DI-16380.pdf,9670606,ac314e74eb0c1030f725d14226ee3020c5fe3fee813c526366c9224b021af64b,"not in repo (size); IRS public file, see path for object id"
audit3-evidence/investors/ftx-DI-16380.txt,358421,642b5de2303e96aa67faee43130636ae7aec48b56d0bb6a68ff975d3dd15f5c7,in repo
audit3-evidence/investors/postimees-ST41-tallinn-jina.md,4242,f2e394de9157890309f1b23aee28c149f75f1ee48ac805a993929cd86aba7416,in repo
audit3-evidence/other/247cca0a961c8b29.html,919,cca350155d283ccdc9a1e88b0addbfdf16b3c1aee409b0d9e39d84379c2260c2,in repo
audit3-evidence/other/279795ed7f2e48ad.html,51958,32dc4380846bdc2041c862bcc7e517fe272822df2855aee77e8c0d77fcfd9ed1,in repo
audit3-evidence/other/3fa74ce7ef3bc8fc.html,17029,11e89ec6ac7612087b56393e63e8016fbf4d4d9d04f0f79929d7522ece43ce11,in repo
audit3-evidence/other/6045aa4fb3ab2fdb.html,233029,9ef7a9db68188c843f2ade8bac8477413281335a891c701ee737b61cac71bb9c,in repo
audit3-evidence/other/7f350ae33fd10400.html,95319,bd07cbb6ec3ac8ee59ef44600153ffb431e9148f5c623b05765a32495b9770de,in repo
audit3-evidence/other/821aae4590f98f1e.html,5070,9965e3de00e97d2c33506eba511cedd020d406be0dac838c5edee7c2dc795483,in repo
audit3-evidence/other/9dbec0777fedee2c.html,82350,c57720fc77bbed9c30af7c878c4be56be9cb3a97be60343d62410c14242d3cec,in repo
audit3-evidence/other/9ece1a3a9a30d8c1.html,92522,d3379ac4f45ba1babb4822932d8459e3cd1f65d0dd5c4a330498b96dc457abd6,in repo
audit3-evidence/other/a1d84c190d29fa74.html,1914,79a7e060539bb63e4bea99d9a4b263775d8dd9623235a256fc7ee70a133d6b3d,in repo
audit3-evidence/other/d9ec627fc4ddf08e.html,612036,4b7e257d645c380e146411c7f23075c7b7920ef380675e3c7294f7907c39ffe7,in repo
audit3-evidence/other/dbbb84d78b4bd542.html,919,61cd8fdcaf635471710f5b9710d5e639d94f9578290a946f86dcb28a011c28b7,in repo
audit3-evidence/other/fb5c2cd022778afa.html,3571,6a11deddf2d1536dc407bc3124e09be576c2c44a3a7ef86fd4942da8f243a6dc,in repo
audit3-evidence/outlets/article-inventory.csv,354166,caa821f6f9b83976e7f1bb16464f156ab5125a55447eb69482364149190e5758,in repo
audit3-evidence/outlets/denominators/bloomberg.csv,18254441,ad26522b7675415fe4e0d55684ca1b0aa28c9be420a446930ea7ba75c9e70646,"not in repo (size); IRS public file, see path for object id"
audit3-evidence/outlets/denominators/lawfare.csv,128393,211e6bb9e9bdedae8ff431284590a1fd030508202b963b49f341f49546336702,in repo
audit3-evidence/outlets/denominators/mit-technology-review.csv,237586,53e36f1006f2a1a6fe5613e37e4a2d3fb7cc6b5a37bf03715e1b82606172e90b,in repo
audit3-evidence/outlets/denominators/time.csv,746165,0329e0a2a1ae977fb010c7c3aef27c28b7343deda8e50b09156e1d4c2d835bc2,in repo
audit3-evidence/outlets/outlet_windows.csv,11596,1f9aba323812352c65a3762fff047fce97700bd6c4a222a97b448c522e4b0a97,in repo
audit3-evidence/outlets/roster.csv,11428,2e1def8492e37b8a63ed9a6d8226562db8b0c3fc6bce38954ad6208be4b6077b,in repo
audit3-evidence/partners/audacious-about-live.html,82350,c57720fc77bbed9c30af7c878c4be56be9cb3a97be60343d62410c14242d3cec,in repo
audit3-evidence/partners/audacious-about-wayback-20241009220522.html,72603,9a5269604c084d05c56aaa9a1e1ba14ae83ae1ca48a9dd1698b014c2564c0649,in repo
audit3-evidence/partners/audacious-faq-live.html,42953,74ad2f09d8d65e43e8cb90feb9c066a35d0a7336aa50823bec95c2ddc4e0912a,in repo
audit3-evidence/queue.json,19251,5104edaa677b531e7cce7c96d57552b040b4726aa67fba0c64f98414af055308,in repo
audit3-evidence/quotes/bsky-ST110-3miawblqk7224.json,17702,aa0fea4323021b434298a1104beb7b1701ba63c1821b9e6185b9d543c2333116,in repo
audit3-evidence/quotes/bsky-ST112-3miawjaazyc24.json,19750,ed9a7f73e70b6ab3898447a839a0c3a0efe336e7ffd7e9de5c2de2def20b5edd,in repo
audit3-evidence/quotes/bsky-ST113-3mjaq5x2pws2e.json,14247,45886f065846d5f5109099bc8d1fbdb3557ebe52f4be19461c9abbd39d6853d5,in repo
audit3-evidence/quotes/bsky-ST90-ST111-3mtygcpxluc2b.json,9256,0daa865049cb903bf91f509cd6e77d9ddbb9114b07b7dc030e4a4c2a7d9d214f,in repo
audit3-evidence/quotes/bsky-ST93-3mvaqtffuwc2o.json,18436,5ad50ced2f404fc78f6d2f2f4e8464d40fc73aa83131d9e7620d2ed37bf170c7,in repo
audit3-evidence/quotes/forbes-ST32-ST33-au-jina.md,16163,ac95dfd34f2e2e1fb303c3a502669ff00e317339d3606affbb399613545a1b4b,in repo
audit3-evidence/quotes/forbes-ST32-ST33-us-wayback-20251107132055.html,213076,193686ef6120d262a7e95a1129509c585501ad64087571f9e76726d28017d5b0,in repo
audit3-evidence/quotes/forbes-ST92-wayback-20260421043155.html,227589,25bbdd0b2a8bc74f83c4c9b0e3626d0ddf7bc764dcedaa2141bbccbb0567bfab,in repo
audit3-evidence/quotes/fxtwitter-ST89-berger.json,1935,f97b22222979c727f2007a0232f1374d8db1562ec5c53ca4fa010a043040ada4,in repo
audit3-evidence/quotes/stratechery-ST118-wayback-20251020103508.html,68875,b6ad8f001b4162803ecbdd0970390461ece5a1bba5dc1c48fa5fd88486eeef6a,in repo
audit3-evidence/rand/rand-annual-report-2024.pdf,15748606,238297541add368ebfe8df44e219317cd91c65a5ca045675fd5b3f80e27baad8,"not in repo (size); IRS public file, see path for object id"
audit3-evidence/rand/rand-annual-report-2024.txt,172345,81ddf11fb7d661a5a7acf46a47184db1247529c3813274d9c778c7e489456bf2,in repo
audit3-evidence/rand/rand-canary-project.html,53665,6fbef8595f946947bb1b74b003c76f808b2c7150f75971f58ca7b18725209bdf,in repo
audit3-evidence/rand/rand-cast-funding.html,16571,4a0183a4226a90c684c4bf35e15b7dfd3cdeb8e1725d9df2ed0e250b8f53863a,in repo
audit3-evidence/routing/coefficient-ST105-grantmaking-jina.md,10331,a78e405c42efeed0a22ce6dea5cea2fc661cb1f96ca3ec4983535c746404e5a4,in repo
audit3-evidence/routing/macroscopic-M139-M142-jina.md,16577,64dfb0a74821e20a5639d34224dbc020b75985243d93b1bb2d6cda9bb96dd400,in repo
audit3-evidence/routing/openphil-ST114-wayback.html,28795,2da9aeb03d7ac252e3710f7558b1ffc7f918c44971b54978a58ec13d819fc07b,in repo
audit3-evidence/sec/st117-blue-owl-s1.html,3724762,1811f686e97193eb0077572b3b5fd5de09c6d0b78a3dae9205596c7a48a112fb,"not in repo (size); IRS public file, see path for object id"
audit3-evidence/sec/vara-ADV-319135.pdf,1325696,ab348de2e841986afc1e27ed4c4f404efddbe0ba97715121da84f4bc17023ebf,in repo
audit3-evidence/sec/vara-ADV-319135.txt,136548,dc9d424f9a84a4e80fabf5d8626c4accb5c952e2704107027df514498bcd7054,in repo
audit3-evidence/sec/vara-form-d-2026-06-15.xml,7353,36f3407cdd8b042e28a77d5dc5ee43a28cac5fc0705ad5d939d36b3709abcca9,in repo
audit3-evidence/sec/vara-form-d-amendment.xml,7314,cb1ecda2c3150db9f0f1c0cbaef18896d87dcec0feb591a503d88dc2e0722416,in repo
audit3-evidence/sec/vara-form-d-initial.xml,7213,182611b0cfdb838f777e96fe79fa7cb8d15b96a6379b92423754e7478d10e6e2,in repo
audit3-evidence/sec/vara-fund-submissions.json,1698,ea22a7bb3cf0643ae056e7389996f4da525b17a9882db2d40110f740d620be15,in repo
audit3-evidence/sec/vara-submissions.json,4734,9e65a6e69660753c47e2429262c622398537fd8a83c5aec7946f0c2ba7d63e7b,in repo
audit3-evidence/sff/3e6efaeb6e24e0e3.html,50962,e4a735d0f1fd70ce19d6850cd3ed8260302922f5b2391f3b4e465836219d1aef,in repo
audit3-evidence/sff/7295d7d50b0e6d21.html,49637,f4bdad1b94cdf09d427f6f5bdac2cf9f8a37960d1b74f5a271af177e15e1a542,in repo
audit3-evidence/sff/9550dba3a4cd7a36.html,90523,c8951c7bd6a05dda0eb4d9d997e612f899adb468a3cb6ba45ee80b7d2841eab3,in repo
audit3-evidence/sff/a01514f7c492ce4c.html,219710,cc7e1b0588ef00576fad7cef14fbb3eb44084efca123cd590bb0b6c32a0e4eca,in repo
audit3-evidence/sff/c255d8c9c9668fd1.html,105016,2826098681a25dfcde3a5e2dae2d13781b14343e023d547a034f6c398961941e,in repo
audit3-evidence/sff/f5373adc4c361edf.html,49595,731b36fd9c1588e60ed0fdcb067ec96e57e74712e7f9350fe963c8cc8f495072,in repo
audit3-evidence/shared/bemc-2020-202210469349100116.xml,3807,ed8caa8d3ebc7bfb08a9c5a91d15126d75e2e872e63d4066ee329f88f49f224a,in repo
audit3-evidence/shared/bemc-2021-202323199349109357.xml,3807,facda0ac4c54ae4280acec945065f939c31e906e73daf4a89fc489cdf67b6dd0,in repo
audit3-evidence/shared/bemc-2022-202333199349106948.xml,3807,5a7ed468916867b78238c257cb52db17449e4c742f884491ca267baa2bb78021,in repo
audit3-evidence/shared/bemc-2023-202403209349103005.xml,3807,ae1c93c78182c5351bed312b4897610b634cec3010fcf73f3977d2dac15dd302,in repo
audit3-evidence/shared/bemc-2024-202523219349100137.xml,3807,cd9830c2ecd6f74b93331bbc09a7264663bf0d4abb6090732aa6bcd014392eef,in repo
audit3-evidence/source-field-defects.json,401,0ca844b96975f8e63b9423f8d2354d8a273470d44bd2fbb422bc6eb6806500c0,in repo
audit3-evidence/stakes/0e62b3ac150fa646.html,24038,d6d2ec142d33aebf94f20e581101bd324aa99d8349a95e7a6326156084c72ecd,in repo
audit3-evidence/stakes/2171bb76ee0ef35c.html,24038,120b43d95c9f0f00ce50ad519745dcecd7652bb5e2893fd6947027548ab32f45,in repo
audit3-evidence/stakes/3f9215890b26a289.html,370801,3a2b8030a46c7fa459b4c4fc2a5aacdea95da4d43cf3f4c3f7fe5cc604e6e76f,in repo
audit3-evidence/stakes/a848e7fbe72ffdeb.html,24252,4abf783776385ceaf72495db7d9d14ed840379202c83fc5874ac0b3bf28b9ae8,in repo
audit3-evidence/stakes/cfa17c9f4259d02d.html,24252,c21d07b4829a7900ee5e54506887db567de8a5f81e29262e81bf8392083d428b,in repo
audit3-evidence/stakes/d65bb518ef153b12.html,24038,a67521eda0dd4f1cbd3c507dcc2531a858e76d92be287d9559073120e6014a89,in repo
audit3-evidence/stakes/feeacb45db0c9a7c.html,72470,94569e07808b0d03df1566f140146a5eb43f5633bf1a6bde7bee8b98cc0f0a38,in repo
audit3-evidence/tarbell/244ccf9e43e90961.html,90523,c8951c7bd6a05dda0eb4d9d997e612f899adb468a3cb6ba45ee80b7d2841eab3,in repo
audit3-evidence/tarbell/5eb2e3810595a717.html,72489,647f78c97ddc3bc5b27549bccece37ed00304f2b7b8a0ec31565c249856ef6fd,in repo
audit3-evidence/tarbell/8dd6b35746adc1fa.html,72487,fa4e6c9ba5e4a8b081fba925b2b9bf81cc84821c32a77b7be622378b0f999854,in repo
audit3-evidence/tarbell/974f38c5926cff0b.html,72490,4bb841cfe5334aac932d346d766d190c7b9d73fe26f212b57491fd7f2176597f,in repo
audit3-evidence/tarbell/c255d8c9c9668fd1.html,105016,2826098681a25dfcde3a5e2dae2d13781b14343e023d547a034f6c398961941e,in repo
audit3-evidence/tarbell/coefficient-general-support-3.html,72489,647f78c97ddc3bc5b27549bccece37ed00304f2b7b8a0ec31565c249856ef6fd,in repo
audit3-evidence/tarbell/coefficient-general-support-49.html,72490,4bb841cfe5334aac932d346d766d190c7b9d73fe26f212b57491fd7f2176597f,in repo
audit3-evidence/tarbell/coefficient-index-2026-09-11.json,1787261,91a9543d4a55153e900af29eb1f5dbd618b9a13ac361f209128f5e98c4c36022,in repo
audit3-evidence/tarbell/coefficient-operating-costs.html,72487,fa4e6c9ba5e4a8b081fba925b2b9bf81cc84821c32a77b7be622378b0f999854,in repo
audit3-evidence/tarbell/coefficient-training-for-good.html,72528,3e9a6b2d864d823331733ec5b48d7b264db13f857853d4d7dd834ab24a46944b,in repo
audit3-evidence/tarbell/sff-2024-recommendations.html,90523,c8951c7bd6a05dda0eb4d9d997e612f899adb468a3cb6ba45ee80b7d2841eab3,in repo
audit3-evidence/tarbell/sff-2025-recommendations.html,105016,2826098681a25dfcde3a5e2dae2d13781b14343e023d547a034f6c398961941e,in repo
ca-registry/rrf1-good-ventures-foundation-fye2024-06-received-2025-11.pdf,5046019,642f25cc88097fab38551239fcb8c10704a4a9e9da7b3fb60d3470d076e7d352,"not in repo (size); IRS public file, see path for object id"
ca-registry/rrf1-good-ventures-foundation-fye2024-06.txt,502409,3326b54fccfe4fce54cee35b45ac8d99fb01432fe37870a4f624991905e256d9,in repo
ca-registry/rrf1-open-philanthropy-action-fund-cy2024-received-2025-11.pdf,2725382,bcc6a318834121d73d6b929222c04b0d3a54f9fca408b710b3d8a0ceacb32a03,"not in repo (size); IRS public file, see path for object id"
ca-registry/rrf1-open-philanthropy-action-fund-cy2024.txt,570353,f49638798dee21c25f7432c50d915f51b92d88b22b4d26e116ce76215597c1bb,in repo
ca-registry/rrf1-open-philanthropy-advisors-cy2024-received-2025-11.pdf,2434911,a1b05e9938a0f8658ca993b024dfebf766df03ff2f9b859bc6ce3efad2a1be86,"not in repo (size); IRS public file, see path for object id"
ca-registry/rrf1-open-philanthropy-advisors-cy2024.txt,387025,59d73c429ccb2bbd61c841e404e4fdfd128adcce14a17c8331fe12f3fdab6b11,in repo
ca-registry/rrf1-open-philanthropy-cy2024-received-2025-11.pdf,2346873,21924148cad09ea04457ce01d7feb7f1d71e9f2163b1eb216745634ed2141e4a,"not in repo (size); IRS public file, see path for object id"
ca-registry/rrf1-open-philanthropy-cy2024.txt,313658,ade61bfcb5b20b0d5e441925c436714885353ade8ce642b32cb27054e7e32dc5,in repo
daf-sponsors/202413129349304911.xml,3063731,c84608f827f1e1281368f5f7b66c070ead647298b2b358110d5b92ab630860de,"not in repo (size); IRS public file, see path for object id"
daf-sponsors/202430459349302913.xml,52074430,9f45f351e24adbbc584bfc08acbaa6f5a5c68e16d9ce6c51dfd31f7508439bef,"not in repo (size); IRS public file, see path for object id"
daf-sponsors/202431429349301368.xml,11155542,77f80a549086c9712696a8caec623a39ef19c6d8af5b9938ae4ece747a22db19,"not in repo (size); IRS public file, see path for object id"
daf-sponsors/202441359349309439.xml,16704044,4e434bf572dea637ad3a5546adb98f0cccfbd5aad61ef89e24b2d1b122e9eef3,"not in repo (size); IRS public file, see path for object id"
daf-sponsors/202441369349301334.xml,57542575,b169a66a3d757387f80f615e6ab7df4a432890df23870934be3fe288d37a2d62,"not in repo (size); IRS public file, see path for object id"
daf-sponsors/202442479349301654.xml,8976254,fc4c41207e9b5d5b2ed1d42bcac75028d2256dea70c659747311b2563bf6f04d,"not in repo (size); IRS public file, see path for object id"
daf-sponsors/202503109349303645.xml,5833951,334fba871745b9c1e885141d9b97922980023ea3523d33def94bd7ef41a31290,"not in repo (size); IRS public file, see path for object id"
daf-sponsors/202511339349301311.xml,13342911,e0c19ba8e4ec3ddb00560ad6f0e25b2f1d7b6280cab48ffe66b2e36112e1b7f1,"not in repo (size); IRS public file, see path for object id"
daf-sponsors/202511349349313096.xml,19056166,1b8848341b506797d1b74468fa03033eab103d4e0f2a76b5537196f1e36a42d0,"not in repo (size); IRS public file, see path for object id"
daf-sponsors/202513219349310376.xml,10140019,6f3b47ed1105f736e5ed258fe8bd2187c63d0a21140da26b9b418728497f4126,"not in repo (size); IRS public file, see path for object id"
daf-sponsors/202521349349310887.xml,63833696,ee7bdcc4994c0edf52fb6b3576513d9f8376387314a19cf241476ac4a9c0c7be,"not in repo (size); IRS public file, see path for object id"
daf-sponsors/202523189349301347.xml,1810572,13275a5773bf9018678711a416045cb645a31f7f2811e57fc5fef5a460f90dc4,"not in repo (size); IRS public file, see path for object id"
daf-sponsors/202541069349300729.xml,42494828,95e0827265350fb98f3694f3094b9aea0e4ba5426f950049320ac4493f995f44,"not in repo (size); IRS public file, see path for object id"
daf-sponsors/202543149349305759.xml,3284679,24fad57059f4fb65b9eb726f0aa83f1eb2a04951844d32ad9fa258e1f23ea706,"not in repo (size); IRS public file, see path for object id"
daf-sponsors/202601289349302480.xml,15963437,4fb1f09c64f8fcc2f046e51ecd570f1b14817c710fcbc4bad53f7572d7897d5c,"not in repo (size); IRS public file, see path for object id"
daf-sponsors/202601389349301700.xml,60121263,902c0826ee03e87c89bbc7e06fab1869d4e3b7bef7da0db1747faff80d8bc81a,"not in repo (size); IRS public file, see path for object id"
daf-sponsors/202611199349300601.xml,49674982,c4fd6dd96e8cd16f0980b2ff45d71cfee1ec81c31d12a9c347daae99b6d6d298,"not in repo (size); IRS public file, see path for object id"
daf-sponsors/202621329349306657.xml,21463383,7de9d0a34be39ef764eab469b322ee4263882388d2455aee923adc427e64b2c5,"not in repo (size); IRS public file, see path for object id"
irs-anthropic-scan/hits-context/202513219349323246_public.xml.txt,556,656dcce0169b2b8920dc5271248bceddd290f6cea96c723816d6fd8c14301269,in repo
irs-anthropic-scan/hits-context/202522889349100622_public.xml.txt,40,01ff0c5b3107fabd28e3c91b62f8b5f78582b2b5067ddd23972dfdeb0ba2834c,in repo
irs-anthropic-scan/hits-context/202531339349307208_public.xml.txt,2644,19441236aa1e17e20355d63814e4c19669c12df97ed615cc8eda39b97f377d16,in repo
irs-anthropic-scan/hits-context/202531359349103428_public.xml.txt,53,7124000db8543625682f93252644b8dacdb65762c0767e0b749be670d7038ee8,in repo
irs-anthropic-scan/hits-context/202533119349100948_public.xml.txt,70,8ee9e337b14d9638ccc50d2feb5438260f7b5f55899e537ff0a720ece8e7083d,in repo
irs-anthropic-scan/hits-context/202543169349101824_public.xml.txt,68,7f62fe0661841d5bd876b9510a34fd5fe21e9e2fdd4a353cc156d486eb5b55fb,in repo
irs-anthropic-scan/hits-context/202620479349201197_public.xml.txt,1077,b670d6c3cbd1c0d3599499bd6b7d6bdf3bf54e140e85def84015fa3598a02e35,in repo
irs-anthropic-scan/hits-context/202620999349201252_public.xml.txt,245,e6bb08b03d1811ebe0fbe5f121f3278d73619bba0727ec4472048cd6b46aaea0,in repo
irs-anthropic-scan/hits-context/202621409349100717_public.xml.txt,53,346c4f52837a0a3fd64d908ffe86e614afa4feba6b12ecdeda2e7e09ea433486,in repo
irs-anthropic-scan/hits-context/202631539349200008_public.xml.txt,168,f57aff7cec9ff4b69a015d63b75b24a9907e549956337d0872fe57a732864d80,in repo
irs-anthropic-scan/hits-context/202640669349200124_public.xml.txt,232,5e0c8d0bac242073047aa1e260dd4982887f49374d041045551d2ab85d006ab0,in repo
irs-anthropic-scan/hits.csv,1039,d1e4368b4357058e8345429c749065567bbe3bc25920f1a9ea891895950cb709,in repo
irs-anthropic-scan/nohup.log,0,e3b0c44298fc1c149afbf4c8996fb92427ae41e4649b934ca495991b7852b855,in repo
irs-anthropic-scan/progress.log,2645,add8e47149b2ff7a9521231462f1ca44f05e2733a7dabcee1de92f890d5ea39b,in repo
irs-anthropic-scan/unzip-errors.log,0,e3b0c44298fc1c149afbf4c8996fb92427ae41e4649b934ca495991b7852b855,in repo
irs-anthropic-scan/xml/202513219349323246.xml,52539,97afc087cee8d792cc8a1e418bcf770dbfffea8c9a2c048181d4e49df1a4d3ac,in repo
irs-anthropic-scan/xml/202522889349100622.xml,27245,6611e2cca458ee5277e7773bd1d4112eb0725087c04d9d643734015709ee72f0,in repo
irs-anthropic-scan/xml/202531359349103428.xml,30100,cdfc4ce79ef6a27628dc2e7a1a9eee227747877493d8a8f77fa42cd6104f9042,in repo
irs-anthropic-scan/xml/202533119349100948.xml,32121,3f8b2c1d22997b83a751f93220a450511111d89c6946ed14edc57e73eb7fae09,in repo
irs-anthropic-scan/xml/202543169349101824.xml,292343,38a6f4593d300326ac07edfbc101f764579fce2e5d1f1ba793e5b88e5c5c89fe,in repo
irs-anthropic-scan/xml/202621409349100717.xml,339,6e00c86fec9ec12226b3b1165399b1bfda6c351bdd49d2944757a9a9e0f95bb6,in repo
irs-teos/394182645_ePostSearch.json,69,9188a5526bc4e7420034010cc9374407dd014f6c182773a8ae46257908d47b0a,"not in repo (size); IRS public file, see path for object id"
irs-teos/394182645_lettersSearch.json,71,37bf5b347e3cfa33e21720a5acc137a9aaabcbf88f239bc6b4f3b44a1e51ecff,"not in repo (size); IRS public file, see path for object id"
irs-teos/394182645_pub78Search.json,460,f93472791b3d7f056ae8744c8218a498ff9f2f4f1447a1ecfda0e83a79ca6dcc,"not in repo (size); IRS public file, see path for object id"
irs-teos/394182645_returnsSearch.json,71,9a30ee2a63149dc568c4190da9f8e90c71237b4469c9b14c042656393427a75c,"not in repo (size); IRS public file, see path for object id"
irs-teos/394182645_revokeSearch.json,70,0551a5a84a20cc37c7938e007394d268665ebc6c738e3343a66626096bd62d7b,"not in repo (size); IRS public file, see path for object id"
irs-teos/394232601_ePostSearch.json,1513,af5911c4cd66bd9078b35ecf18c480785f20861a88156d1c7bb9240910f2e9de,"not in repo (size); IRS public file, see path for object id"
irs-teos/394232601_lettersSearch.json,517,952e84c1335f980b30c7a4258ef6b65431abe167f2ef982bd4794aa92da1df99,"not in repo (size); IRS public file, see path for object id"
irs-teos/394232601_pub78Search.json,69,abfb65a5a6abd3245cbf0c936bb7a0e0ac8a9104e5aebf7865051df1fdaabd69,"not in repo (size); IRS public file, see path for object id"
irs-teos/394232601_returnsSearch.json,71,9a30ee2a63149dc568c4190da9f8e90c71237b4469c9b14c042656393427a75c,"not in repo (size); IRS public file, see path for object id"
irs-teos/394232601_revokeSearch.json,70,0551a5a84a20cc37c7938e007394d268665ebc6c738e3343a66626096bd62d7b,"not in repo (size); IRS public file, see path for object id"
irs-teos/414178325_ePostSearch.json,69,9188a5526bc4e7420034010cc9374407dd014f6c182773a8ae46257908d47b0a,"not in repo (size); IRS public file, see path for object id"
irs-teos/414178325_lettersSearch.json,492,7915014b5593209ad43430c2fc8b824f1d7e5e196c153353046765cabf262e07,"not in repo (size); IRS public file, see path for object id"
irs-teos/414178325_pub78Search.json,450,7ae9034bdc109d5fbd5c0f044b998ddbfd508e23cbb0c9cd1d4ab6d5db465a16,"not in repo (size); IRS public file, see path for object id"
irs-teos/414178325_returnsSearch.json,71,9a30ee2a63149dc568c4190da9f8e90c71237b4469c9b14c042656393427a75c,"not in repo (size); IRS public file, see path for object id"
irs-teos/414178325_revokeSearch.json,70,0551a5a84a20cc37c7938e007394d268665ebc6c738e3343a66626096bd62d7b,"not in repo (size); IRS public file, see path for object id"
irs-teos/452757586_201512_990T_2016120613978480.pdf,220931,7270649b459df4699cf50fa9504d7e1c44ad272d420f44b2d41f6fc118743913,"not in repo (size); IRS public file, see path for object id"
irs-teos/452757586_201512_990T_2018011815134861.pdf,247163,de82eb07d84bfe247d6f102df0d78c002617ef138b7919c816b310eee482bd7a,"not in repo (size); IRS public file, see path for object id"
irs-teos/452757586_201512_990_2017032914230784.pdf,1754731,139a55248598c72a97993a4be707cb293f57bd01c9028a849bd32e6e72c2188b,"not in repo (size); IRS public file, see path for object id"
irs-teos/452757586_201612_990T_2018020115161601.pdf,242564,71dfe9e90a5a5cabee3c93ebe3191cd5f81a857570dae14560da2e41e95ab0ad,"not in repo (size); IRS public file, see path for object id"
irs-teos/452757586_201612_990_2018010215068610.pdf,1690206,db970ea68e4a97e72dea6b8c0cad37dbe42ad467a3d3b7d7c2c08b64d0cf164d,"not in repo (size); IRS public file, see path for object id"
irs-teos/452757586_201712_990T_2018120615976261.pdf,217480,3c9d424e974db56bc490d5acc6d1973b4bd00411a273bdeba96a68015501ab11,"not in repo (size); IRS public file, see path for object id"
irs-teos/452757586_201712_990_2018120715985891.pdf,1739328,215c9d82a54e743598d752638a90b87f38bbb68e2db184168a85e9e46b2fbf81,"not in repo (size); IRS public file, see path for object id"
irs-teos/452757586_201810_990T_2020012817079493.pdf,232977,1e136101da90942a1ba258bd04dfb5f69de98436602e8493917baacbc1a8a9bf,"not in repo (size); IRS public file, see path for object id"
irs-teos/452757586_201810_990_2020012817080979.pdf,1627254,6f0db449de0330b871ee48ff8393f5529ba31838a4201b2b2d1c70ae11cded63,"not in repo (size); IRS public file, see path for object id"
irs-teos/452757586_ePostSearch.json,69,9188a5526bc4e7420034010cc9374407dd014f6c182773a8ae46257908d47b0a,"not in repo (size); IRS public file, see path for object id"
irs-teos/452757586_lettersSearch.json,868,19782356e93fc1a42aaf87eaf574de53548c9871335a6720fd65e108a4c2b89f,"not in repo (size); IRS public file, see path for object id"
irs-teos/452757586_pub78Search.json,69,abfb65a5a6abd3245cbf0c936bb7a0e0ac8a9104e5aebf7865051df1fdaabd69,"not in repo (size); IRS public file, see path for object id"
irs-teos/452757586_returnsSearch.json,5584,5bec5a7ac38ef25fd80c7ed2ccead49435634c743eedc117476c6ff0576c7fde,"not in repo (size); IRS public file, see path for object id"
irs-teos/452757586_revokeSearch.json,531,c56fc9984b321a4b732246f5771691d6612e8d23e33d718b9fca6ee82bb55356,"not in repo (size); IRS public file, see path for object id"
irs-teos/461008520_201406_990T_2017102414875821.pdf,181315,40af1572f1ee698c97b8cef6e443a2ba34208a22d4ca9e437030be8c21f36955,"not in repo (size); IRS public file, see path for object id"
irs-teos/461008520_201506_990T_2017100214792733.pdf,254189,c22175517de506250bef9885ddb259a6fe4c43f45562cdebfb4ae05a4d73f9e8,"not in repo (size); IRS public file, see path for object id"
irs-teos/461008520_201606_990PF_2017091514741264.pdf,1190587,d667474d1ed2e1423868893c614ecaa7d8d009df509e8683f32be7a36f0afa3f,"not in repo (size); IRS public file, see path for object id"
irs-teos/461008520_201606_990T_2017052414464312.pdf,259727,6c346f746fc6e3fc680dbaf3ba4d4cd222cfbd3f97ce42d0bd310948341731f1,"not in repo (size); IRS public file, see path for object id"
irs-teos/461008520_201706_990T_2018070515494428.pdf,498008,81a00bc065a50dd9cc7b90c3c6774c3ba67bac40e680de71eb05c7d1a300c6d2,"not in repo (size); IRS public file, see path for object id"
irs-teos/461008520_201706_990T_2019060516380838.pdf,443114,b5253b091531fbb2747adc12eb3ee1658f7e0547071b98aaf1c8734056120285,"not in repo (size); IRS public file, see path for object id"
irs-teos/461008520_201806_990PF_2019053116364458.pdf,1536998,8c45cd1b490e9cf8842941d2a937e66f62b065b440b3fe66b49fd5e3e36a836d,"not in repo (size); IRS public file, see path for object id"
irs-teos/461008520_201806_990T_2019061316410888.pdf,449381,fbafd99419507b1a59b5ee530fca312dbd9fc0744b63c78c9cd5f481dbb7fff8,"not in repo (size); IRS public file, see path for object id"
irs-teos/461008520_201906_990PR_2020102217399905.pdf,1833870,0d9067fab88292ff2214d7ecd7613f38f964d3bc961ec301a7561c3db093c20b,"not in repo (size); IRS public file, see path for object id"
irs-teos/461008520_201906_990T_2020083117270167.pdf,682262,fccd99a8abee0d421a87b1321bd9edf4d05d16dffe7db3ed70dd3a86d7339f83,"not in repo (size); IRS public file, see path for object id"
irs-teos/461008520_202006_990T_2021062918452274.pdf,1094019,a9cc88049e049ccaf52cd703797bb69cc6b87f6f2f1cc8f1c7b6e1db28f8aef4,"not in repo (size); IRS public file, see path for object id"
irs-teos/461008520_202106_990PF_2022052420122637.pdf,2125259,5a8e0e915a0a9e90646d04de464234831b776034809e34a632bcfd203e92022b,"not in repo (size); IRS public file, see path for object id"
irs-teos/461008520_202106_990T_2022060620152845.pdf,0,e3b0c44298fc1c149afbf4c8996fb92427ae41e4649b934ca495991b7852b855,"not in repo (size); IRS public file, see path for object id"
irs-teos/461008520_202206_990PF_2023060821406331.pdf,2661692,00a3730a1df69fdbc649845b0f4989bb8bea8e75a8e606c5c98c53e895609d09,"not in repo (size); IRS public file, see path for object id"
irs-teos/461008520_202206_990T_2023060821404385.pdf,3493095,c29f187c515423808e615b8b49b461a42680220f8bda55c263832886be54ef21,"not in repo (size); IRS public file, see path for object id"
irs-teos/461008520_202306_990T_2024053122452877.pdf,5052945,9ce859823e06791e6b96673529f17a112de53ae372b6d1af90662c91aea5e6ed,"not in repo (size); IRS public file, see path for object id"
irs-teos/461008520_202406_990PF_2025052223439410.pdf,3624575,fb481f34ed2538d8b7efd67a29d08a0544926e6a9a57437b489d29269bd11bf5,"not in repo (size); IRS public file, see path for object id"
irs-teos/461008520_202406_990T_2025071723506036.pdf,6079053,8a8f9a6eefcadfb14e5b402a2738718f300c0f7ca47ac022316379c0eb51bcdd,"not in repo (size); IRS public file, see path for object id"
irs-teos/461008520_202506_990PF_2026062524404601.pdf,4022280,c3cc5eff59b19397ca7fe43af7071897beb32b150e6b4fa5fedd8831986deb73,"not in repo (size); IRS public file, see path for object id"
irs-teos/461008520_202506_990T_2026070124409719.pdf,8004609,477fc36a4724e01294d69006bd7a0f7afb06b313d0d60574a8d9ccb80029ec30,"not in repo (size); IRS public file, see path for object id"
irs-teos/461008520_ePostSearch.json,69,9188a5526bc4e7420034010cc9374407dd014f6c182773a8ae46257908d47b0a,"not in repo (size); IRS public file, see path for object id"
irs-teos/461008520_lettersSearch.json,502,913bad6913415c3d487e1fed5f5fed339cf68d6839dfd123cc388a3eb2e397b6,"not in repo (size); IRS public file, see path for object id"
irs-teos/461008520_pub78Search.json,454,7e52667ea6c98d7eda38a5b2c563252f30f9c3d627e9a7f80840c0e0510de15c,"not in repo (size); IRS public file, see path for object id"
irs-teos/461008520_returnsSearch.json,9864,bfc56679d4be74af05276ae3ffd64c80326cb3eb69c66510401152981199a91d,"not in repo (size); IRS public file, see path for object id"
irs-teos/461008520_revokeSearch.json,70,0551a5a84a20cc37c7938e007394d268665ebc6c738e3343a66626096bd62d7b,"not in repo (size); IRS public file, see path for object id"
irs-teos/810737472_201812_990_2020011517033461.pdf,1343542,34d2d56307089383f066104aa97b51a1511aaa96c007238703510b4dfa9a5042,"not in repo (size); IRS public file, see path for object id"
irs-teos/810737472_201912_990_2021040217858448.pdf,1481624,f916280f87583552f39b12a58581670fe0d4c468269725f7db81b8f1633b7100,"not in repo (size); IRS public file, see path for object id"
irs-teos/810737472_202112_990_2023051021201958.pdf,1580042,40c1b183a8f90d664e640713db635df518deb5b85ab29ba2cde000f588105ec9,"not in repo (size); IRS public file, see path for object id"
irs-teos/810737472_202212_990_2024010922198536.pdf,1554785,9d0a6974be3cb670fac8b494bad5b486a56ab9a301778a35183d10e2a42a1317,"not in repo (size); IRS public file, see path for object id"
irs-teos/810737472_202312_990_2025030523154521.pdf,1490996,94fc420f71ebbd353a3d87109a3ad3a06dd97ac9089a9d66263d051399801cdc,"not in repo (size); IRS public file, see path for object id"
irs-teos/810737472_202412_990_2026021923948949.pdf,1468814,26eeed7572c728c93217ba51c8b5ace0b52dad8e5b822e55222b2112af1e90ec,"not in repo (size); IRS public file, see path for object id"
irs-teos/810737472_ePostSearch.json,3097,a98cce74a15143ae7f1f0bed09130626174bb434c4acf1350f3b65f9acfe6355,"not in repo (size); IRS public file, see path for object id"
irs-teos/810737472_lettersSearch.json,1371,f134b158e48d7dda4c60138f888b8e7631e61fb4abc380a2445885f5950c94a5,"not in repo (size); IRS public file, see path for object id"
irs-teos/810737472_pub78Search.json,460,fe3cfd4f72174184e9f79998b5e6a87c11cd03e63dffb92717b5f9ce0e089134,"not in repo (size); IRS public file, see path for object id"
irs-teos/810737472_returnsSearch.json,2900,e8dc1c6f3fcf43da5f45ce6d89c59d04cfdd854a9f11f7c7f41b2397f9f5e1b5,"not in repo (size); IRS public file, see path for object id"
irs-teos/810737472_revokeSearch.json,70,0551a5a84a20cc37c7938e007394d268665ebc6c738e3343a66626096bd62d7b,"not in repo (size); IRS public file, see path for object id"
irs-teos/812644663_201612_990O_2017121915034858.pdf,1380770,b902807df9d18e6773b5765d263086500ea442bac258593f5a4919b02430c6e1,"not in repo (size); IRS public file, see path for object id"
irs-teos/812644663_201712_990O_2018121716007913.pdf,1036489,844611318492670af193faa576efb9797386b7712afb952926dbbf7a3fa78470,"not in repo (size); IRS public file, see path for object id"
irs-teos/812644663_201812_990O_2020012717071957.pdf,1288625,25c9bbafcc09658a01e0a9224e6f22f6434fe2f13b6c05e7869f6f5b7c433f2b,"not in repo (size); IRS public file, see path for object id"
irs-teos/812644663_202012_990O_2022102720606028.pdf,0,e3b0c44298fc1c149afbf4c8996fb92427ae41e4649b934ca495991b7852b855,"not in repo (size); IRS public file, see path for object id"
irs-teos/812644663_202112_990O_2023050821172368.pdf,1576333,a6cda3b6efa60be3cf8d62d4203efb5b6f559e19cdd4bdcd6a42f4dfe84f56cc,"not in repo (size); IRS public file, see path for object id"
irs-teos/812644663_202212_990O_2023120722087488.pdf,1786619,6e6bbec3da8b228e642a55fb82384a4c2bd8ae3bc65b70de0b7853f060e701cd,"not in repo (size); IRS public file, see path for object id"
irs-teos/812644663_202312_990O_2025042523395891.pdf,1974001,b4f03d20ecf9b5ba73fd214bd61ca7b3e6bc3d93e1792cc5a77a4e68fa232cda,"not in repo (size); IRS public file, see path for object id"
irs-teos/812644663_202412_990O_2026041424092682.pdf,1963336,5d169bb08e58aef703485cbb2e21a7879f1a79f93266ab66fdb596f20e833639,"not in repo (size); IRS public file, see path for object id"
irs-teos/812644663_ePostSearch.json,69,9188a5526bc4e7420034010cc9374407dd014f6c182773a8ae46257908d47b0a,"not in repo (size); IRS public file, see path for object id"
irs-teos/812644663_lettersSearch.json,513,e8d0f3ccb486a8116133cc48b0840f023b217a471938464c0bdb832ab4bbfe3c,"not in repo (size); IRS public file, see path for object id"
irs-teos/812644663_pub78Search.json,69,abfb65a5a6abd3245cbf0c936bb7a0e0ac8a9104e5aebf7865051df1fdaabd69,"not in repo (size); IRS public file, see path for object id"
irs-teos/812644663_returnsSearch.json,4056,358f2a6a3ae757cc0ac83cac4f2556946f09cb6216b38801a403075af780d529,"not in repo (size); IRS public file, see path for object id"
irs-teos/812644663_revokeSearch.json,70,0551a5a84a20cc37c7938e007394d268665ebc6c738e3343a66626096bd62d7b,"not in repo (size); IRS public file, see path for object id"
irs-teos/884400777_202212_990EZ_2023101821736727.pdf,651661,98e346f939498fb4bbe22ec2dc162b64e8873a508a12e66fc14f6942d9c03e76,"not in repo (size); IRS public file, see path for object id"
irs-teos/884400777_202312_990_2025030323149801.pdf,1397433,57c77840c8773a274d2e51af31e24c47fddf2776507e7fb22b5afbfde9d13787,"not in repo (size); IRS public file, see path for object id"
irs-teos/884400777_202412_990_2026030223959425.pdf,1487244,189a7177bb10e5b80a14367cfa6bda2b37b3d804ac8c73b9787013991fda4583,"not in repo (size); IRS public file, see path for object id"
irs-teos/884400777_ePostSearch.json,69,9188a5526bc4e7420034010cc9374407dd014f6c182773a8ae46257908d47b0a,"not in repo (size); IRS public file, see path for object id"
irs-teos/884400777_lettersSearch.json,503,8adec6549808d5afb5cbcffa300d781a37598d46f49d572609da20e0694d80fd,"not in repo (size); IRS public file, see path for object id"
irs-teos/884400777_pub78Search.json,459,d0e575d71e83573f1c83af1d3c2b5ef0df2ed8c67b63664c7db6f54f9d64dea7,"not in repo (size); IRS public file, see path for object id"
irs-teos/884400777_returnsSearch.json,1516,52b47d7e31f24f7eb71c9c68858bd6fd90daf7e00607c82e006f68d73b84cd6c,"not in repo (size); IRS public file, see path for object id"
irs-teos/884400777_revokeSearch.json,70,0551a5a84a20cc37c7938e007394d268665ebc6c738e3343a66626096bd62d7b,"not in repo (size); IRS public file, see path for object id"
irs-teos/992255770_202412_990_2026021923938304.pdf,1499143,5e17438625995b01a5861a72b8e355e58b30d4da1214813abd37f683b3ff5335,"not in repo (size); IRS public file, see path for object id"
irs-teos/992255770_ePostSearch.json,69,9188a5526bc4e7420034010cc9374407dd014f6c182773a8ae46257908d47b0a,"not in repo (size); IRS public file, see path for object id"
irs-teos/992255770_lettersSearch.json,520,47aed5061e68023b902e865a280ad72005a3f41477ac96dd0c5ab2c7b01c55e7,"not in repo (size); IRS public file, see path for object id"
irs-teos/992255770_pub78Search.json,473,e4e71a4d66e0f17cc267215894c1482c893542fc35285ad30cc3407d653bb70f,"not in repo (size); IRS public file, see path for object id"
irs-teos/992255770_returnsSearch.json,564,4f08a962b5b6c7294e049e819ff22269bc7cca9887523dde98cd939387e10850,"not in repo (size); IRS public file, see path for object id"
irs-teos/992255770_revokeSearch.json,70,0551a5a84a20cc37c7938e007394d268665ebc6c738e3343a66626096bd62d7b,"not in repo (size); IRS public file, see path for object id"
irs-teos/FinalLetter_39-4232601_OPENPHILANTHROPYPOLICYFUND_09122025_00.pdf,163522,c1aa5db4e4fcfe6dabf5edf711fafaf6e17292c43fed668ae9297081192ad642,"not in repo (size); IRS public file, see path for object id"
irs-teos/FinalLetter_41-4178325_OUTLIERPROJECTSFUND_02092026_v1.0.pdf,138106,ccb89f5732a2ab182367a39dd2fbedc493dc46bc0e68fbb92471e8c539228652,"not in repo (size); IRS public file, see path for object id"
irs-teos/FinalLetter_88-4400777_BENEFICIALAIFOUNDATION_12162022_00.pdf,137129,dd0ef58f0b119c165f3001acd89c3f283294e84c7a8500390ed68937f487f836,"not in repo (size); IRS public file, see path for object id"
irs-teos/FinalLetter_99-2255770_OPENPHILANTHROPYADVISORSINC_04022024_00.pdf,122811,d718f669317ce434a6f30045f3ef6ccbdc06880616763ef3cfc5c78f658f27af,"not in repo (size); IRS public file, see path for object id"
irs-teos/index.csv,20050,7d9223823e40ae53b9aa9ebe4c173d0903e765eb70e4e491d7776238f9187656,"not in repo (size); IRS public file, see path for object id"
openai-rounds/cnbc-2024-10-02-openai-round-jina.md,17238,d0bc433976d68d8790f4ffcd5533a7e0519a874be8fc949f827e7c87d186bb20,in repo
openai-rounds/cnbc-2024-10-02-wayback-20241002172855.html,1623270,8ff8a7a305d46bea655c47eae01a8dfa22557591097559dd10a7348edbf12533,in repo
openai-rounds/cnbc-2024-10-02-wayback-20241002172855.txt,9792,c05b3402530f22d2c7cc7e291a6c13fddfc8478358774cc94b1358feef854d5f,in repo
openai-rounds/cnbc-2025-03-31-openai-round-jina.md,3329,552aa515e05ed499182c1063719142be4fa70b2f152eb036ff54e16fa97b46fd,in repo
openai-rounds/cnbc-2025-03-31-wayback-20250331221135.html,1870786,974ed6788d887f581d47af3bc6f60c830f072038e44e7a092a9ec55ae1e67ee8,in repo
openai-rounds/cnbc-2025-03-31-wayback-20250331221135.txt,10081,793950c73b7d825f59e8c354390c8f50675d500f30fa90d017bc1411489e9f70,in repo
openai-rounds/coefficientgiving-org-grants-openai-general-support--jina-2026-09-14.md,10455,4c7e5e96627f00cfecc6714cbb213e4d893c187c9c5fc8c970d3fa205557b415,in repo
openai-rounds/march-funding-updates-jina-2026-09-14.md,5085,0666680c866fbf5c8417eb30a8f28785169660ebd4ee818217b6d1660de360e1,in repo
openai-rounds/openai-2024-10-02-scale-the-benefits-of-ai-live-2026-09-14.pdf,3343539,d73b256b616427b9ef21d04009834bcb778a226960b3f28a43d8dfefb4dc4359,"not in repo (size); IRS public file, see path for object id"
openai-rounds/openai-2025-03-31-march-funding-updates-live-2026-09-14.pdf,225399,44d6694608e886789ce16477aafea0841e5eb89f73cf21c7750d9da21b62c033,in repo
openai-rounds/openai-com-index-built-to-benefit-everyone--jina-2026-09-14.md,3502,82ae432c7ae8ffb0a12b4cc49affcfc3585e06d02e34c478107e7145f26a2af8,in repo
openai-rounds/openphil-openai-general-support-wayback-2024.html,127521,80468691019253992413cedec0575078fbc26be9d7c356036d59157bce7db832,in repo
openai-rounds/openphil-openai-general-support-wayback-2024.txt,18557,561fbc79e5f61ded94f1cfbbcd8d648de15a2dcc12b9b37486dcfaff7a5c8335,in repo
openai-rounds/scale-the-benefits-of-ai-jina-2026-09-14.md,1246,64c440abe5177ad7298efa7bebd9c328126541049c876667600e67cfaace84c6,in repo
openai-rounds/scale-the-benefits-of-ai-wayback-2024.html,22313,08ec2b2d0f45d793ad34dc64190af6f126a524c160d224362ae5700bcb986b9c,in repo
openai-rounds/scale-the-benefits-of-ai-wayback-20241002172406.html,323228,8c6147d349e725d3a080e1ce794aacade55d9a9f2dda31f09bb1fe85cd21f035,in repo
openai-rounds/scale-the-benefits-of-ai-wayback-20241002172406.txt,1998,11dc36ee1f897bc6f6c7ee1e882b6a992d5cb5af28024b42f9505a65556e47e7,in repo
audit4-evidence/sponsor-filings.json,274858196,b5c0ce1e697367de6ffae72dfc88fe9af0dcd65c7457456990cf77273bf329c7,"not in repo (262 MB; audit-4 sponsor-filing captures, reproducible from the IRS e-files listed above)"
